antecedents,consequents,antecedent support,consequent support,support,confidence,lift,representativity,leverage,conviction,zhangs_metric,jaccard,certainty,kulczynski
curd,"whole milk, yogurt",0.05327910523640061,0.05602440264361973,0.010066090493136757,0.18893129770992367,3.37230365331597,1.0,0.007081160448880861,1.1638663835641019,0.7430561657819739,0.1014344262295082,0.14079484198374614,0.18430230947202172
"whole milk, yogurt",curd,0.05602440264361973,0.05327910523640061,0.010066090493136757,0.17967332123411978,3.37230365331597,1.0,0.007081160448880861,1.1540779048998744,0.7452171434291209,0.1014344262295082,0.13350736916953795,0.18430230947202172
"citrus fruit, other vegetables",root vegetables,0.02887646161667514,0.10899847483477376,0.010371123538383325,0.3591549295774648,3.295045459323103,1.0,0.007223633263540849,1.3903540282798035,0.7172249697701297,0.08133971291866028,0.28075872787793754,0.22715209165440406
root vegetables,"citrus fruit, other vegetables",0.10899847483477376,0.02887646161667514,0.010371123538383325,0.0951492537313433,3.295045459323103,1.0,0.007223633263540849,1.073241683656623,0.7817203795817083,0.08133971291866028,0.06824342063111312,0.22715209165440406
"yogurt, other vegetables",whipped/sour cream,0.04341637010676157,0.07168276563294357,0.010167768174885612,0.23419203747072598,3.2670619695384255,1.0,0.007055562691889485,1.2122062968646274,0.7254092261904761,0.09689922480620154,0.17505790673872837,0.18801800455096582
whipped/sour cream,"yogurt, other vegetables",0.07168276563294357,0.04341637010676157,0.010167768174885612,0.14184397163120566,3.267061969538425,1.0,0.007055562691889485,1.1146966265698068,0.7474972617743701,0.09689922480620154,0.10289492570077674,0.18801800455096582
"other vegetables, tropical fruit",root vegetables,0.035892221657346214,0.10899847483477376,0.012302999491611592,0.34277620396600567,3.144779819035136,1.0,0.008390802072529218,1.355704906824676,0.7074029784140807,0.0927914110429448,0.26237635125021863,0.22782466914718194
root vegetables,"other vegetables, tropical fruit",0.10899847483477376,0.035892221657346214,0.012302999491611592,0.11287313432835822,3.144779819035136,1.0,0.008390802072529218,1.0867755398352523,0.7654450577795634,0.0927914110429448,0.07984679140681324,0.22782466914718194
root vegetables,beef,0.10899847483477376,0.05246568378240976,0.017386883579054397,0.15951492537313433,3.0403668431100312,1.0,0.011668204065608208,1.127366023291073,0.7531887461435741,0.12067748764996472,0.11297663816340553,0.2454551371051718
beef,root vegetables,0.05246568378240976,0.10899847483477376,0.017386883579054397,0.3313953488372093,3.0403668431100312,1.0,0.011668204065608208,1.3326283680732078,0.7082512053284838,0.12067748764996472,0.24960324726851002,0.2454551371051718
other vegetables,"root vegetables, citrus fruit",0.1934926283680732,0.017691916624300967,0.010371123538383325,0.053599579611140306,3.0296084222733612,1.0,0.006947868089878522,1.0379413007573322,0.8306487496662811,0.051645569620253164,0.036554380030593615,0.3199032380814322
"root vegetables, citrus fruit",other vegetables,0.017691916624300967,0.1934926283680732,0.010371123538383325,0.5862068965517241,3.0296084222733612,1.0,0.006947868089878522,1.9490594814438227,0.6819900509629376,0.051645569620253164,0.4869320256664405,0.3199032380814322
other vegetables,"root vegetables, tropical fruit",0.1934926283680732,0.021047280122013217,0.012302999491611592,0.06358381502890173,3.020999134344196,1.0,0.008230505940804154,1.0454248181413068,0.8294824187411178,0.06083459024635496,0.04345106157138019,0.3240624389154171
"root vegetables, tropical fruit",other vegetables,0.021047280122013217,0.1934926283680732,0.012302999491611592,0.5845410628019324,3.020999134344196,1.0,0.008230505940804154,1.941244487532661,0.6833666956226159,0.06083459024635496,0.48486653462645046,0.3240624389154171
root vegetables,"whole milk, other vegetables",0.10899847483477376,0.07483477376715811,0.023182511438739197,0.2126865671641791,2.84208204899416,1.0,0.015025635233513626,1.1750913773952685,0.7274345283498601,0.14430379746835445,0.14900235059453804,0.2612345879299156
"whole milk, other vegetables",root vegetables,0.07483477376715811,0.10899847483477376,0.023182511438739197,0.30978260869565216,2.84208204899416,1.0,0.015025635233513626,1.2908998474834772,0.7005724554269507,0.14430379746835445,0.225346565847511,0.2612345879299156
"whole milk, other vegetables",butter,0.07483477376715811,0.05541433655312659,0.011489578037620742,0.15353260869565216,2.7706297367371358,1.0,0.007342658698210353,1.1159150052919724,0.6907644232031721,0.09674657534246575,0.10387440328544016,0.1804360291184683
butter,"whole milk, other vegetables",0.05541433655312659,0.07483477376715811,0.011489578037620742,0.2073394495412844,2.7706297367371358,1.0,0.007342658698210353,1.1671644636502287,0.6765624851157872,0.09674657534246575,0.14322271526964853,0.1804360291184683
"whole milk, curd",yogurt,0.026131164209456024,0.13950177935943062,0.010066090493136757,0.3852140077821012,2.761355514968633,1.0,0.0064207465891841725,1.3996711563583943,0.6549742570832569,0.06470588235294117,0.2855464689279174,0.22868572109221677
yogurt,"whole milk, curd",0.13950177935943062,0.026131164209456024,0.010066090493136757,0.07215743440233235,2.761355514968633,1.0,0.0064207465891841725,1.0496056894773185,0.7412670961058058,0.06470588235294117,0.04726126199070148,0.22868572109221677
whipped/sour cream,curd,0.07168276563294357,0.05327910523640061,0.01047280122013218,0.14609929078014183,2.7421498565318605,1.0,0.0066536076063383395,1.108701380080295,0.6843809483299482,0.09147424511545292,0.09804387550453172,0.17133208813816253
curd,whipped/sour cream,0.05327910523640061,0.07168276563294357,0.01047280122013218,0.1965648854961832,2.7421498565318605,1.0,0.0066536076063383395,1.1554352275732485,0.671077011948494,0.09147424511545292,0.13452526274424553,0.17133208813816253
"whole milk, other vegetables",whipped/sour cream,0.07483477376715811,0.07168276563294357,0.014641586171835282,0.1956521739130435,2.729417206290472,1.0,0.009277222622689735,1.1541241292130973,0.6848737956552002,0.1110254433307633,0.1335420734320682,0.19995374653098982
whipped/sour cream,"whole milk, other vegetables",0.07168276563294357,0.07483477376715811,0.014641586171835282,0.20425531914893616,2.7294172062904716,1.0,0.009277222622689735,1.1626407923246944,0.6825483753194597,0.1110254433307633,0.1398891157082962,0.19995374653098982
"yogurt, other vegetables",root vegetables,0.04341637010676157,0.10899847483477376,0.012913065582104729,0.297423887587822,2.728697700024468,1.0,0.008180747457605653,1.2681921708185053,0.6622785433070866,0.09256559766763849,0.21147597106313243,0.20794701842077667
root vegetables,"yogurt, other vegetables",0.10899847483477376,0.04341637010676157,0.012913065582104729,0.11847014925373135,2.728697700024468,1.0,0.008180747457605653,1.0851403716884143,0.7110255090075397,0.09256559766763849,0.07846023787313433,0.20794701842077667
whipped/sour cream,"whole milk, yogurt",0.07168276563294357,0.05602440264361973,0.010879511947127605,0.15177304964539007,2.709052528606917,1.0,0.006863527822699348,1.112880929993726,0.6795815377056228,0.09312445604873802,0.10143127350952298,0.17298271357042644
"whole milk, yogurt",whipped/sour cream,0.05602440264361973,0.07168276563294357,0.010879511947127605,0.19419237749546278,2.709052528606917,1.0,0.006863527822699348,1.1520333246311896,0.6683088581702215,0.09312445604873802,0.13196955450907738,0.17298271357042644
"yogurt, other vegetables",tropical fruit,0.04341637010676157,0.10493136756481952,0.012302999491611592,0.28337236533957844,2.700549625111196,1.0,0.007747260401608751,1.2490010001628171,0.6582853699330973,0.09043348281016442,0.1993601287191587,0.20031021367754115
tropical fruit,"yogurt, other vegetables",0.10493136756481952,0.04341637010676157,0.012302999491611592,0.11724806201550388,2.700549625111196,1.0,0.007747260401608751,1.0836380966518353,0.7035270658105849,0.09043348281016442,0.0771826838778147,0.20031021367754115
"root vegetables, other vegetables",citrus fruit,0.047381799694966954,0.08276563294356888,0.010371123538383325,0.21888412017167383,2.644625702565617,1.0,0.006449538896623986,1.1742615798030134,0.6528057695487204,0.0865874363327674,0.14840098901323712,0.17209562273939957
citrus fruit,"root vegetables, other vegetables",0.08276563294356888,0.047381799694966954,0.010371123538383325,0.12530712530712532,2.644625702565617,1.0,0.006449538896623986,1.0890887851801923,0.6779888321585147,0.0865874363327674,0.08180121436605588,0.17209562273939957
"rolls/buns, other vegetables",root vegetables,0.042602948652770714,0.10899847483477376,0.012201321809862735,0.2863961813842482,2.6275246678302997,1.0,0.007557665383246548,1.2485941105158187,0.6469767771169641,0.08752735229759302,0.19909921760973198,0.19916823994585545
root vegetables,"rolls/buns, other vegetables",0.10899847483477376,0.042602948652770714,0.012201321809862735,0.11194029850746269,2.6275246678302997,1.0,0.007557665383246548,1.0780773519372162,0.6951881014873141,0.08752735229759302,0.07242277355786911,0.19916823994585545
"whole milk, tropical fruit",root vegetables,0.04229791560752415,0.10899847483477376,0.011997966446365024,0.2836538461538462,2.602365276980483,1.0,0.007387558156454918,1.2438142096266247,0.6429287358224721,0.08613138686131387,0.196021405560091,0.19686423650975893
root vegetables,"whole milk, tropical fruit",0.10899847483477376,0.04229791560752415,0.011997966446365024,0.11007462686567165,2.6023652769804824,1.0,0.007387558156454918,1.0761599942020272,0.6910585145169308,0.08613138686131387,0.07077014069687661,0.19686423650975893
"rolls/buns, root vegetables",other vegetables,0.024300965937976614,0.1934926283680732,0.012201321809862735,0.502092050209205,2.5948898128258175,1.0,0.0074992640386406205,1.61979211613471,0.6299352160622481,0.05934718100890208,0.38263682725763126,0.2825751895817439
other vegetables,"rolls/buns, root vegetables",0.1934926283680732,0.024300965937976614,0.012201321809862735,0.0630583289542827,2.5948898128258175,1.0,0.0074992640386406205,1.0413658226696751,0.7620850142881156,0.05934718100890208,0.039722662074340394,0.2825751895817439
"whole milk, other vegetables",domestic eggs,0.07483477376715811,0.06344687341128623,0.012302999491611592,0.1644021739130435,2.5911784942865106,1.0,0.007554967073644468,1.1208180506817778,0.6637465383081784,0.09765940274414853,0.10779452615728831,0.17915621516164995
domestic eggs,"whole milk, other vegetables",0.06344687341128623,0.07483477376715811,0.012302999491611592,0.19391025641025642,2.5911784942865106,1.0,0.007554967073644468,1.1477198830403446,0.6556757954691256,0.09765940274414853,0.12870726143475897,0.17915621516164995
other vegetables,"yogurt, root vegetables",0.1934926283680732,0.025826131164209457,0.012913065582104729,0.06673673147661587,2.5840777719390435,1.0,0.007915899582563234,1.0438360767987103,0.7600857286938982,0.06256157635467981,0.04199517316277185,0.2833683657383079
"yogurt, root vegetables",other vegetables,0.025826131164209457,0.1934926283680732,0.012913065582104729,0.5,2.5840777719390435,1.0,0.007915899582563234,1.6130147432638535,0.6292662561319278,0.06256157635467981,0.38004286434694906,0.2833683657383079
tropical fruit,"yogurt, whole milk",0.10493136756481952,0.05602440264361973,0.015149974580579562,0.1443798449612403,2.5770885212228642,1.0,0.009271257394182454,1.1032647978162904,0.6837075829091211,0.10390516039051602,0.09359928642759567,0.20739863391437693
"yogurt, whole milk",tropical fruit,0.05602440264361973,0.10493136756481952,0.015149974580579562,0.2704174228675136,2.5770885212228642,1.0,0.009271257394182454,1.2268229265467274,0.6482849905589179,0.10390516039051602,0.1848864425652614,0.20739863391437693
tropical fruit,pip fruit,0.10493136756481952,0.07564819522114896,0.02043721403152008,0.1947674418604651,2.5746475681420353,1.0,0.012499345453154474,1.147931483191064,0.6832965695209061,0.1276190476190476,0.12886786829806118,0.23246436609152288
pip fruit,tropical fruit,0.07564819522114896,0.10493136756481952,0.02043721403152008,0.2701612903225806,2.5746475681420353,1.0,0.012499345453154474,1.2263923803531753,0.6616499506646725,0.1276190476190476,0.18460028289476094,0.23246436609152288
"whole milk, tropical fruit",yogurt,0.04229791560752415,0.13950177935943062,0.015149974580579562,0.3581730769230769,2.5675161891679745,1.0,0.009249340090134912,1.3407013475148946,0.6374827120107793,0.09090909090909091,0.25412173124642107,0.23338683000672797
yogurt,"whole milk, tropical fruit",0.13950177935943062,0.04229791560752415,0.015149974580579562,0.108600583090379,2.5675161891679745,1.0,0.009249340090134912,1.0743804250093842,0.7094942295202091,0.09090909090909091,0.06923099423440678,0.23338683000672797
whipped/sour cream,butter,0.07168276563294357,0.05541433655312659,0.010167768174885612,0.14184397163120566,2.5596980935649682,1.0,0.006195515275042781,1.1007155251736294,0.656380065717415,0.08695652173913043,0.09150004962248737,0.16266510508165788
butter,whipped/sour cream,0.05541433655312659,0.07168276563294357,0.010167768174885612,0.18348623853211007,2.5596980935649682,1.0,0.006195515275042781,1.1369278488315635,0.645075349838536,0.08695652173913043,0.1204367093059477,0.16266510508165788
other vegetables,"yogurt, whipped/sour cream",0.1934926283680732,0.02074224707676665,0.010167768174885612,0.05254860746190226,2.5334095803323953,1.0,0.006154296269742049,1.033570440273385,0.750489157841654,0.04982561036372695,0.03248007002261538,0.27137234294663737
"yogurt, whipped/sour cream",other vegetables,0.02074224707676665,0.1934926283680732,0.010167768174885612,0.4901960784313725,2.5334095803323953,1.0,0.006154296269742049,1.5819952289703176,0.6180957325303705,0.04982561036372695,0.36788684207924205,0.27137234294663737
"other vegetables, whipped/sour cream",yogurt,0.02887646161667514,0.13950177935943062,0.010167768174885612,0.352112676056338,2.524073009485484,1.0,0.0061394503977551295,1.3281602970756614,0.6217694482253167,0.06426735218508996,0.24707883363040106,0.21249948671621566
yogurt,"other vegetables, whipped/sour cream",0.13950177935943062,0.02887646161667514,0.010167768174885612,0.07288629737609328,2.524073009485484,1.0,0.0061394503977551295,1.0474697285078,0.7017038875103391,0.06426735218508996,0.04531847290271986,0.21249948671621566
"root vegetables, other vegetables",tropical fruit,0.047381799694966954,0.10493136756481952,0.012302999491611592,0.25965665236051505,2.4745379612070404,1.0,0.007331162451936361,1.20899125424578,0.6255225382812493,0.08787218591140161,0.17286415721522955,0.18845235718800946
tropical fruit,"root vegetables, other vegetables",0.10493136756481952,0.047381799694966954,0.012302999491611592,0.11724806201550388,2.47453796120704,1.0,0.007331162451936361,1.0791459744399496,0.6657412996884046,0.08787218591140161,0.07334130536049531,0.18845235718800946
"other vegetables, tropical fruit",yogurt,0.035892221657346214,0.13950177935943062,0.012302999491611592,0.34277620396600567,2.4571457478175405,1.0,0.007295970705248703,1.30929255123328,0.615101078860163,0.07543640897755612,0.23622875647000657,0.21548431189553927
yogurt,"other vegetables, tropical fruit",0.13950177935943062,0.035892221657346214,0.012302999491611592,0.08819241982507288,2.4571457478175405,1.0,0.007295970705248703,1.0573588104605285,0.6891632316852258,0.07543640897755612,0.054247252581690754,0.21548431189553927
other vegetables,"root vegetables, whole milk",0.1934926283680732,0.048906964921199794,0.023182511438739197,0.11981082501313715,2.4497701954349353,1.0,0.013719374250631092,1.0805552511969891,0.7337793392962992,0.10575139146567718,0.07454986786446482,0.2969116495128056
"root vegetables, whole milk",other vegetables,0.048906964921199794,0.1934926283680732,0.023182511438739197,0.47401247401247404,2.4497701954349353,1.0,0.013719374250631092,1.5333203389523984,0.6222298181845463,0.10575139146567718,0.3478205599990774,0.2969116495128056
yogurt,"whole milk, whipped/sour cream",0.13950177935943062,0.032231825114387394,0.010879511947127605,0.07798833819241982,2.4196066439193973,1.0,0.00638311499166858,1.049626826832459,0.6818255606317106,0.06763590391908975,0.04728044821626906,0.20776388518453798
"whole milk, whipped/sour cream",yogurt,0.032231825114387394,0.13950177935943062,0.010879511947127605,0.3375394321766561,2.419606643919397,1.0,0.00638311499166858,1.2989425521098117,0.6062502332030014,0.06763590391908975,0.23014301257915784,0.20776388518453798
"whole milk, citrus fruit",yogurt,0.030503304524656837,0.13950177935943062,0.010269445856634469,0.33666666666666667,2.4133503401360543,1.0,0.006014180599102269,1.2972334984531195,0.60406423442554,0.06429026098026734,0.22912875654811138,0.20514091350826044
yogurt,"whole milk, citrus fruit",0.13950177935943062,0.030503304524656837,0.010269445856634469,0.07361516034985421,2.413350340136054,1.0,0.006014180599102269,1.0465377389395523,0.6805804649943903,0.06429026098026734,0.044468285478848055,0.20514091350826044
pip fruit,"whole milk, other vegetables",0.07564819522114896,0.07483477376715811,0.013523131672597865,0.17876344086021506,2.3887750555165965,1.0,0.007862016097329371,1.1265514375077486,0.62895468789673,0.09873793615441723,0.11233525012201506,0.17973498129967275
"whole milk, other vegetables",pip fruit,0.07483477376715811,0.07564819522114896,0.013523131672597865,0.18070652173913043,2.3887750555165965,1.0,0.007862016097329371,1.128230395219294,0.6284016999306706,0.09873793615441723,0.11365621398133845,0.17973498129967275
root vegetables,"whole milk, yogurt",0.10899847483477376,0.05602440264361973,0.014539908490086425,0.1333955223880597,2.3810253406289785,1.0,0.008433334048402609,1.0892807754209253,0.6509673140963795,0.09662162162162162,0.08196305069868239,0.196461826529783
"whole milk, yogurt",root vegetables,0.05602440264361973,0.10899847483477376,0.014539908490086425,0.2595281306715063,2.3810253406289785,1.0,0.008433334048402609,1.2032888244265676,0.6144362961467659,0.09662162162162162,0.16894433015568466,0.196461826529783
other vegetables,onions,0.1934926283680732,0.031011692933401117,0.014234875444839857,0.07356805044666316,2.372268118501417,1.0,0.008234341469012472,1.0459357619669527,0.7172438945320943,0.06769825918762089,0.0439183395742846,0.2662922219446431
onions,other vegetables,0.031011692933401117,0.1934926283680732,0.014234875444839857,0.45901639344262296,2.372268118501417,1.0,0.008234341469012472,1.4908166566529557,0.5969757157847398,0.06769825918762089,0.32922670568686296,0.2662922219446431
other vegetables,"whole milk, pork",0.1934926283680732,0.022165734621250637,0.010167768174885612,0.05254860746190226,2.3707135522376546,1.0,0.0058788619233106285,1.0320680016726345,0.7169011598587999,0.04948045522018802,0.03107159762793061,0.2556321018960887
"whole milk, pork",other vegetables,0.022165734621250637,0.1934926283680732,0.010167768174885612,0.45871559633027514,2.370713552237654,1.0,0.0058788619233106285,1.4899881950488136,0.5912925028595195,0.04948045522018802,0.32885374305449516,0.2556321018960887
"whole milk, other vegetables",pork,0.07483477376715811,0.05765124555160142,0.010167768174885612,0.1358695652173913,2.3567498658078367,1.0,0.0058534502566366395,1.0905167976006627,0.6222529948345973,0.08312551953449708,0.08300357940365163,0.1561182041254505
pork,"whole milk, other vegetables",0.05765124555160142,0.07483477376715811,0.010167768174885612,0.1763668430335097,2.3567498658078367,1.0,0.0058534502566366395,1.1232734117216732,0.6109063444108761,0.08312551953449708,0.10974479626712472,0.1561182041254505
"whole milk, whipped/sour cream",other vegetables,0.032231825114387394,0.1934926283680732,0.014641586171835282,0.4542586750788643,2.3476794899635474,1.0,0.008404965613352394,1.4778198659382702,0.5931663106161426,0.06936416184971098,0.32332754278878345,0.2649643349120018
other vegetables,"whole milk, whipped/sour cream",0.1934926283680732,0.032231825114387394,0.014641586171835282,0.07566999474513925,2.347679489963547,1.0,0.008404965613352394,1.0469942221758504,0.7117696601669748,0.06936416184971098,0.04488489160731713,0.2649643349120018
"root vegetables, whole milk",tropical fruit,0.048906964921199794,0.10493136756481952,0.011997966446365024,0.24532224532224534,2.337930506535158,1.0,0.006866091733738873,1.186027581821823,0.6016985391910649,0.0845878136200717,0.156849288054559,0.17983166529678157
tropical fruit,"root vegetables, whole milk",0.10493136756481952,0.048906964921199794,0.011997966446365024,0.11434108527131784,2.337930506535158,1.0,0.006866091733738873,1.0738818514237656,0.6393602335105328,0.0845878136200717,0.06879886397727293,0.17983166529678157
cream cheese ,yogurt,0.03721403152008134,0.13950177935943062,0.012099644128113879,0.32513661202185795,2.3306986729117876,1.0,0.006908220513924595,1.2750702378722607,0.5930124927782919,0.07350216182828906,0.21572947881779192,0.20593565294970448
yogurt,cream cheese ,0.13950177935943062,0.03721403152008134,0.012099644128113879,0.086734693877551,2.3306986729117876,1.0,0.006908220513924595,1.0542237420227043,0.6635041113219482,0.07350216182828906,0.05143475702668858,0.20593565294970448
chicken,root vegetables,0.04290798169801729,0.10899847483477376,0.010879511947127605,0.2535545023696682,2.32622064440829,1.0,0.0062026073838053345,1.1936591860943664,0.595677483218178,0.07714491708723864,0.16223993276340143,0.17668396760274455
root vegetables,chicken,0.10899847483477376,0.04290798169801729,0.010879511947127605,0.09981343283582089,2.32622064440829,1.0,0.0062026073838053345,1.0632151747354668,0.6398621647304245,0.07714491708723864,0.059456614463008435,0.17668396760274455
yogurt,curd,0.13950177935943062,0.05327910523640061,0.01728520589730554,0.12390670553935858,2.325615360648076,1.0,0.009852675914149298,1.0806165287983847,0.6624142460954604,0.09849362688296638,0.07460234657712293,0.22416709322769454
curd,yogurt,0.05327910523640061,0.13950177935943062,0.01728520589730554,0.3244274809160305,2.325615360648076,1.0,0.009852675914149298,1.2737318294227638,0.6020848206106628,0.09849362688296638,0.21490538518364175,0.22416709322769454
"whole milk, pip fruit",other vegetables,0.030096593797661414,0.1934926283680732,0.013523131672597865,0.44932432432432434,2.3221779977560324,1.0,0.007699662633762108,1.4645778036996953,0.5870376223607556,0.0643756050338819,0.3172093708685993,0.2596069861243272
other vegetables,"whole milk, pip fruit",0.1934926283680732,0.030096593797661414,0.013523131672597865,0.06988964792433,2.3221779977560324,1.0,0.007699662633762108,1.0427831536740397,0.7059697276474091,0.0643756050338819,0.041027852745129004,0.2596069861243272
citrus fruit,tropical fruit,0.08276563294356888,0.10493136756481952,0.0199288256227758,0.2407862407862408,2.2947022074929055,1.0,0.011244114570639238,1.1789415320424546,0.6151247995041049,0.1187878787878788,0.1517815151803565,0.2153543607031979
tropical fruit,citrus fruit,0.10493136756481952,0.08276563294356888,0.0199288256227758,0.18992248062015504,2.2947022074929055,1.0,0.011244114570639238,1.1322797449787523,0.6303579252898479,0.1187878787878788,0.11682602781279514,0.2153543607031979
berries,yogurt,0.033248601931875954,0.13950177935943062,0.010574478901881037,0.3180428134556575,2.279847718904075,1.0,0.005936239771170939,1.2618068078451397,0.5806810459208439,0.0652037617554859,0.20748565169991626,0.19692228136339726
yogurt,berries,0.13950177935943062,0.033248601931875954,0.010574478901881037,0.07580174927113702,2.279847718904075,1.0,0.005936239771170939,1.0460433108434275,0.6523827702487752,0.0652037617554859,0.04401663904939341,0.19692228136339726
whole milk,"yogurt, curd",0.25551601423487547,0.01728520589730554,0.010066090493136757,0.03939514524472742,2.2791250204817306,1.0,0.005649443577028081,1.023016684995887,0.7538578905691717,0.03831269349845202,0.02249883636646603,0.310874043210599
"yogurt, curd",whole milk,0.01728520589730554,0.25551601423487547,0.010066090493136757,0.5823529411764706,2.27912502048173,1.0,0.005649443577028081,1.7825672898601574,0.5711068261507993,0.03831269349845202,0.43901135980204703,0.310874043210599
other vegetables,root vegetables,0.1934926283680732,0.10899847483477376,0.047381799694966954,0.24487651077246453,2.2466049285887957,1.0,0.026291398311075295,1.1799414769585426,0.688008479803653,0.18573136707851734,0.15250034045956734,0.339789001654889
root vegetables,other vegetables,0.10899847483477376,0.1934926283680732,0.047381799694966954,0.43470149253731344,2.2466049285887952,1.0,0.026291398311075295,1.4266929082333752,0.6227642658681474,0.18573136707851734,0.29907831304897603,0.339789001654889
whole milk,"butter, other vegetables",0.25551601423487547,0.020030503304524657,0.011489578037620742,0.044966175885395934,2.2448849737709087,1.0,0.0063714636701301,1.0261097271648874,0.7448687795055754,0.04351174432036965,0.02544535586562243,0.30928511839955075
"butter, other vegetables",whole milk,0.020030503304524657,0.25551601423487547,0.011489578037620742,0.5736040609137055,2.2448849737709087,1.0,0.0063714636701301,1.7459922047110656,0.5658776928345945,0.04351174432036965,0.4272597567722335,0.30928511839955075
whole milk,"root vegetables, tropical fruit",0.25551601423487547,0.021047280122013217,0.011997966446365024,0.0469558296856347,2.230969009459987,1.0,0.006620049319103283,1.0271850459513072,0.7411365330395049,0.045349730976172176,0.02646557799732211,0.3085020694321894
"root vegetables, tropical fruit",whole milk,0.021047280122013217,0.25551601423487547,0.011997966446365024,0.570048309178744,2.230969009459987,1.0,0.006620049319103283,1.7315526410492226,0.5636270975192411,0.045349730976172176,0.42248362752976615,0.3085020694321894
"whole milk, yogurt",citrus fruit,0.05602440264361973,0.08276563294356888,0.010269445856634469,0.18330308529945552,2.2147246239805223,1.0,0.005632550711549928,1.1231025249957634,0.5810283634998572,0.07990506329113925,0.10960933864539908,0.1536908546890398
citrus fruit,"whole milk, yogurt",0.08276563294356888,0.05602440264361973,0.010269445856634469,0.12407862407862408,2.2147246239805223,1.0,0.005632550711549928,1.0776944407406641,0.597967778154603,0.07990506329113925,0.07209319989371692,0.1536908546890398
frozen vegetables,root vegetables,0.04809354346720895,0.10899847483477376,0.011591255719369599,0.24101479915433405,2.211175885898205,1.0,0.006349132832043926,1.1739379426271646,0.5754262284637037,0.07966457023060797,0.14816621587160508,0.1736790413682118
root vegetables,frozen vegetables,0.10899847483477376,0.04809354346720895,0.011591255719369599,0.10634328358208955,2.2111758858982045,1.0,0.006349132832043926,1.0651813375815782,0.6147598255023614,0.07966457023060797,0.061192714594087885,0.1736790413682118
pip fruit,citrus fruit,0.07564819522114896,0.08276563294356888,0.013828164717844434,0.1827956989247312,2.208594224723257,1.0,0.0075670939593273775,1.122405212319054,0.5920076093356714,0.09563994374120957,0.10905616881994581,0.17493593300044913
citrus fruit,pip fruit,0.08276563294356888,0.07564819522114896,0.013828164717844434,0.1670761670761671,2.208594224723257,1.0,0.0075670939593273775,1.109767506032426,0.5966013941326448,0.09563994374120957,0.0989103622477289,0.17493593300044913
"whole milk, citrus fruit",other vegetables,0.030503304524656837,0.1934926283680732,0.013014743263853584,0.42666666666666664,2.2050796987213173,1.0,0.007112578697465992,1.4066989040091744,0.5636962506554798,0.061686746987951804,0.28911581778450157,0.24696444210895077
other vegetables,"whole milk, citrus fruit",0.1934926283680732,0.030503304524656837,0.013014743263853584,0.06726221755123489,2.2050796987213173,1.0,0.007112578697465992,1.0394096966138466,0.6776151979324256,0.061686746987951804,0.037915459844404316,0.24696444210895077
"yogurt, root vegetables",whole milk,0.025826131164209457,0.25551601423487547,0.014539908490086425,0.562992125984252,2.2033535849801504,1.0,0.00794091839190052,1.7035939854445192,0.5606251592056831,0.05449695121951218,0.4130056759157495,0.3099481123355402
whole milk,"yogurt, root vegetables",0.25551601423487547,0.025826131164209457,0.014539908490086425,0.05690409868682848,2.20335358498015,1.0,0.00794091839190052,1.0329531360271482,0.7335905012769256,0.05449695121951218,0.03190186938575912,0.3099481123355402
whipped/sour cream,root vegetables,0.07168276563294357,0.10899847483477376,0.01708185053380783,0.23829787234042554,2.186249603048587,1.0,0.009268538407878446,1.1697506056638445,0.5844938194335786,0.10441267868241146,0.1451169205144454,0.19750714512543666
root vegetables,whipped/sour cream,0.10899847483477376,0.07168276563294357,0.01708185053380783,0.15671641791044777,2.186249603048587,1.0,0.009268538407878446,1.1008363664175713,0.6089727914445477,0.10441267868241146,0.09159977767242648,0.19750714512543666
"whole milk, other vegetables",tropical fruit,0.07483477376715811,0.10493136756481952,0.01708185053380783,0.2282608695652174,2.1753349342770476,1.0,0.009229335381016049,1.1598072420286845,0.5840045216899816,0.10500000000000001,0.13778776010154645,0.195525783619818
tropical fruit,"whole milk, other vegetables",0.10493136756481952,0.07483477376715811,0.01708185053380783,0.16279069767441862,2.1753349342770476,1.0,0.009229335381016049,1.1050584646670056,0.6036416156829653,0.10500000000000001,0.09507050353092725,0.195525783619818
"yogurt, tropical fruit",other vegetables,0.029283172343670564,0.1934926283680732,0.012302999491611592,0.4201388888888889,2.171343127809891,1.0,0.006636921507879504,1.390863012155658,0.5557290724358913,0.05845410628019324,0.2810219329579201,0.2418613519588953
other vegetables,"yogurt, tropical fruit",0.1934926283680732,0.029283172343670564,0.012302999491611592,0.06358381502890173,2.171343127809891,1.0,0.006636921507879504,1.0366296986700307,0.6688786503461239,0.05845410628019324,0.03533537454794685,0.2418613519588953
root vegetables,pork,0.10899847483477376,0.05765124555160142,0.01362480935434672,0.125,2.16820987654321,1.0,0.00734091151689713,1.0769700050838842,0.6047015862147667,0.08903654485049833,0.0714690332326284,0.1806657848324515
pork,root vegetables,0.05765124555160142,0.10899847483477376,0.01362480935434672,0.23633156966490299,2.16820987654321,1.0,0.00734091151689713,1.166738717710585,0.5717522658610272,0.08903654485049833,0.14291007504899245,0.1806657848324515
whole milk,"domestic eggs, other vegetables",0.25551601423487547,0.02226741230299949,0.012302999491611592,0.048149621965777954,2.162335762709709,1.0,0.006613319052624533,1.027191468596389,0.7220264526018046,0.046342397548831855,0.02647166514490705,0.3003305187454461
"domestic eggs, other vegetables",whole milk,0.02226741230299949,0.25551601423487547,0.012302999491611592,0.5525114155251142,2.1623357627097084,1.0,0.006613319052624533,1.663693804924105,0.5497792934640613,0.046342397548831855,0.3989278573735998,0.3003305187454461
other vegetables,chicken,0.1934926283680732,0.04290798169801729,0.017895271987798677,0.09248554913294797,2.1554392789633727,1.0,0.009592893831080132,1.0546300583837134,0.6646652798789713,0.08189855746859002,0.051800209892971766,0.25477358025367774
chicken,other vegetables,0.04290798169801729,0.1934926283680732,0.017895271987798677,0.4170616113744075,2.1554392789633723,1.0,0.009592893831080132,1.383520775726313,0.5600897694677572,0.08189855746859002,0.2772063726509453,0.25477358025367774
other vegetables,"whole milk, butter",0.1934926283680732,0.02755465175394001,0.011489578037620742,0.05937992643194955,2.154987367004516,1.0,0.006157956045983951,1.0338343562638281,0.6645446472003178,0.05482775351770985,0.032727057346112906,0.23817704808682347
"whole milk, butter",other vegetables,0.02755465175394001,0.1934926283680732,0.011489578037620742,0.4169741697416974,2.154987367004516,1.0,0.006157956045983951,1.3833132766598235,0.5511468153066625,0.05482775351770985,0.2770979525226417,0.23817704808682347
hamburger meat,other vegetables,0.033248601931875954,0.1934926283680732,0.013828164717844434,0.41590214067278286,2.149446954028807,1.0,0.0073948053404819586,1.3807744006473301,0.5531557017001163,0.06494746895893028,0.27576872838083955,0.24368412341048495
other vegetables,hamburger meat,0.1934926283680732,0.033248601931875954,0.013828164717844434,0.07146610614818708,2.149446954028807,1.0,0.0073948053404819586,1.041158975961313,0.6630615748568717,0.06494746895893028,0.03953188409417542,0.24368412341048495
butter,root vegetables,0.05541433655312659,0.10899847483477376,0.012913065582104729,0.23302752293577983,2.137897097083391,1.0,0.006872987413833077,1.1617125148685368,0.5634752464338083,0.08523489932885907,0.13920183590932267,0.17574883609475558
root vegetables,butter,0.10899847483477376,0.05541433655312659,0.012913065582104729,0.11847014925373135,2.1378970970833904,1.0,0.006872987413833077,1.0715299801217442,0.5973622092171721,0.08523489932885907,0.06675499654579632,0.17574883609475558
"whole milk, other vegetables",yogurt,0.07483477376715811,0.13950177935943062,0.02226741230299949,0.2975543478260869,2.132978870896184,1.0,0.011827828204520493,1.225003269615975,0.5741375563876003,0.11593435680254102,0.18367564821807453,0.2285876695398656
yogurt,"whole milk, other vegetables",0.13950177935943062,0.07483477376715811,0.02226741230299949,0.1596209912536443,2.132978870896184,1.0,0.011827828204520493,1.1008904513369115,0.6172843702671365,0.11593435680254102,0.09164440586653386,0.2285876695398656
"whole milk, root vegetables",yogurt,0.048906964921199794,0.13950177935943062,0.014539908490086425,0.2972972972972973,2.1311362382790953,1.0,0.007717299860509798,1.2245551601423488,0.5580597508115147,0.08362573099415203,0.1833769253124092,0.20076235127255534
yogurt,"whole milk, root vegetables",0.13950177935943062,0.048906964921199794,0.014539908490086425,0.10422740524781339,2.1311362382790953,1.0,0.007717299860509798,1.0617572368821104,0.616813294232649,0.08362573099415203,0.0581651198003255,0.20076235127255534
"whole milk, domestic eggs",other vegetables,0.029994916115912557,0.1934926283680732,0.012302999491611592,0.41016949152542376,2.119819731556775,1.0,0.006499204334663794,1.3673544519047034,0.5445969125214408,0.058257101588830046,0.26866073489063824,0.23687665327716273
other vegetables,"whole milk, domestic eggs",0.1934926283680732,0.029994916115912557,0.012302999491611592,0.06358381502890173,2.119819731556775,1.0,0.006499204334663794,1.0358696266169576,0.6549993123366801,0.058257101588830046,0.03462754935107427,0.23687665327716273
citrus fruit,"whole milk, other vegetables",0.08276563294356888,0.07483477376715811,0.013014743263853584,0.15724815724815724,2.1012712317060145,1.0,0.006820995846825958,1.0977908078039844,0.5713889812659351,0.09001406469760899,0.08907963804106236,0.16558060036320904
"whole milk, other vegetables",citrus fruit,0.07483477376715811,0.08276563294356888,0.013014743263853584,0.17391304347826086,2.1012712317060145,1.0,0.006820995846825958,1.1103363390683114,0.566490823167381,0.09001406469760899,0.09937199674190174,0.16558060036320904
"whole milk, tropical fruit",other vegetables,0.04229791560752415,0.1934926283680732,0.01708185053380783,0.4038461538461539,2.087139738873843,1.0,0.008897515668417037,1.3528510749954903,0.5438804038443067,0.07810320781032079,0.260820338259824,0.24606390719107485
other vegetables,"whole milk, tropical fruit",0.1934926283680732,0.04229791560752415,0.01708185053380783,0.0882816605359958,2.087139738873843,1.0,0.008897515668417037,1.0504363496247155,0.6458408375957545,0.07810320781032079,0.048014665184363384,0.24606390719107485
other vegetables,whipped/sour cream,0.1934926283680732,0.07168276563294357,0.02887646161667514,0.14923804519180242,2.081923651718265,1.0,0.0150063748856643,1.0911597881411417,0.6443524358455321,0.12220309810671258,0.0835439402476864,0.27603746231221327
whipped/sour cream,other vegetables,0.07168276563294357,0.1934926283680732,0.02887646161667514,0.40283687943262414,2.081923651718265,1.0,0.0150063748856643,1.3505646009513264,0.5598032334202366,0.12220309810671258,0.2595689245108243,0.27603746231221327
whipped/sour cream,yogurt,0.07168276563294357,0.13950177935943062,0.02074224707676665,0.2893617021276596,2.0742509769865394,1.0,0.010742373721565982,1.210880729643915,0.5578893112557181,0.10891617725573945,0.1741548316702744,0.21902487438744495
yogurt,whipped/sour cream,0.13950177935943062,0.07168276563294357,0.02074224707676665,0.14868804664723032,2.0742509769865394,1.0,0.010742373721565982,1.090454833520207,0.6018586094487423,0.10891617725573945,0.08295147193598139,0.21902487438744495
domestic eggs,root vegetables,0.06344687341128623,0.10899847483477376,0.014336553126588714,0.22596153846153844,2.0730706443742823,1.0,0.007420940691723555,1.1511075604619072,0.5526902385445709,0.09067524115755626,0.13127145164546736,0.17874569460390355
root vegetables,domestic eggs,0.10899847483477376,0.06344687341128623,0.014336553126588714,0.13152985074626866,2.0730706443742823,1.0,0.007420940691723555,1.078394147908809,0.5809459987714302,0.09067524115755626,0.07269526458468703,0.17874569460390355
root vegetables,"whole milk, rolls/buns",0.10899847483477376,0.05663446873411286,0.012709710218607015,0.1166044776119403,2.0588959377260916,1.0,0.006536639503511033,1.067885796744489,0.5772187606983908,0.08311170212765956,0.06357027778760863,0.1705104973337978
"whole milk, rolls/buns",root vegetables,0.05663446873411286,0.10899847483477376,0.012709710218607015,0.2244165170556553,2.058895937726091,1.0,0.006536639503511033,1.148814466474609,0.5451787023065315,0.08311170212765956,0.1295374238551147,0.1705104973337978
other vegetables,"yogurt, whole milk",0.1934926283680732,0.05602440264361973,0.02226741230299949,0.11508145034156594,2.0541307878571704,1.0,0.01142710338273428,1.06673726945914,0.6362943466957725,0.09798657718120805,0.06256204912853307,0.2562703077479154
"yogurt, whole milk",other vegetables,0.05602440264361973,0.1934926283680732,0.02226741230299949,0.39745916515426494,2.0541307878571704,1.0,0.01142710338273428,1.3385107282204567,0.5436327830666595,0.09798657718120805,0.2529010198300801,0.2562703077479154
whole milk,"yogurt, whipped/sour cream",0.25551601423487547,0.02074224707676665,0.010879511947127605,0.042578591325109424,2.052747282757114,1.0,0.0055795356477971935,1.0228074534896447,0.6888636729150658,0.040996168582375474,0.022298872981253368,0.283544197623339
"yogurt, whipped/sour cream",whole milk,0.02074224707676665,0.25551601423487547,0.010879511947127605,0.5245098039215685,2.0527472827571134,1.0,0.0055795356477971935,1.5657188978977874,0.5237109140363525,0.040996168582375474,0.36131575000937266,0.283544197623339
"rolls/buns, root vegetables",whole milk,0.024300965937976614,0.25551601423487547,0.012709710218607015,0.5230125523012552,2.04688756541299,1.0,0.006500424260077759,1.5608041455953048,0.524191746561067,0.0475827940616673,0.3593046233109594,0.2863769486536121
whole milk,"rolls/buns, root vegetables",0.25551601423487547,0.024300965937976614,0.012709710218607015,0.049741345005968954,2.04688756541299,1.0,0.006500424260077759,1.026772057201786,0.6869904397705545,0.0475827940616673,0.026074002514975474,0.2863769486536121
other vegetables,"fruit/vegetable juice, whole milk",0.1934926283680732,0.026639552618200304,0.01047280122013218,0.054125065685759324,2.0317558054177214,1.0,0.005318244165487017,1.0290582952042027,0.6296469015760175,0.049951503394762356,0.028237754206564606,0.22362741833906286
"fruit/vegetable juice, whole milk",other vegetables,0.026639552618200304,0.1934926283680732,0.01047280122013218,0.3931297709923664,2.0317558054177214,1.0,0.005318244165487017,1.3289618325004078,0.5217130704377908,0.049951503394762356,0.24753294222263283,0.22362741833906286
"pip fruit, other vegetables",whole milk,0.026131164209456024,0.25551601423487547,0.013523131672597865,0.5175097276264592,2.0253514409893456,1.0,0.006846200746480632,1.543003099529331,0.5198426217977603,0.05043610163064088,0.3519131618691923,0.2852172593564051
whole milk,"pip fruit, other vegetables",0.25551601423487547,0.026131164209456024,0.013523131672597865,0.052924791086350974,2.0253514409893456,1.0,0.006846200746480632,1.0282909177906037,0.6800126511306948,0.05043610163064088,0.02751256215642742,0.2852172593564051
whole milk,"yogurt, tropical fruit",0.25551601423487547,0.029283172343670564,0.015149974580579562,0.05929168324711499,2.0247698081089442,1.0,0.007667655099171922,1.0318999102793383,0.6798221412347453,0.056184012066364995,0.030913763981918505,0.288326397179113
"yogurt, tropical fruit",whole milk,0.029283172343670564,0.25551601423487547,0.015149974580579562,0.517361111111111,2.0247698081089442,1.0,0.007667655099171922,1.5425279705061572,0.5213844891715518,0.056184012066364995,0.3517135383471425,0.288326397179113
"yogurt, other vegetables",whole milk,0.04341637010676157,0.25551601423487547,0.02226741230299949,0.5128805620608898,2.0072345116867694,1.0,0.01117383446077358,1.528339720777443,0.5245773537725591,0.0804851157662624,0.3456952100339868,0.3000136992556737
whole milk,"yogurt, other vegetables",0.25551601423487547,0.04341637010676157,0.02226741230299949,0.08714683645045761,2.0072345116867694,1.0,0.01117383446077358,1.0479052580303871,0.6740267337192346,0.0804851157662624,0.045715256854831056,0.3000136992556737
tropical fruit,yogurt,0.10493136756481952,0.13950177935943062,0.029283172343670564,0.27906976744186046,2.0004746084480303,1.0,0.014645059857759797,1.1935943060498222,0.5587489113559772,0.13610586011342155,0.16219439475253428,0.24449115194250456
yogurt,tropical fruit,0.13950177935943062,0.10493136756481952,0.029283172343670564,0.20991253644314867,2.0004746084480303,1.0,0.014645059857759797,1.1328728447426821,0.5811965811965812,0.13610586011342155,0.11728840121758119,0.24449115194250456
"other vegetables, whipped/sour cream",whole milk,0.02887646161667514,0.25551601423487547,0.014641586171835282,0.5070422535211268,1.9843854211620697,1.0,0.007263187794336082,1.5102389425521097,0.5108162030735582,0.054278175650207316,0.33785312255944844,0.2821721414840015
whole milk,"other vegetables, whipped/sour cream",0.25551601423487547,0.02887646161667514,0.014641586171835282,0.057302029446876235,1.9843854211620695,1.0,0.007263187794336082,1.0301534199904159,0.6663214361589123,0.054278175650207316,0.029270805110462542,0.2821721414840015
domestic eggs,citrus fruit,0.06344687341128623,0.08276563294356888,0.010371123538383325,0.16346153846153846,1.9749929124929126,1.0,0.0051199029022077295,1.0964640709640097,0.5271127232784331,0.07634730538922156,0.08797741168043796,0.1443843318843319
citrus fruit,domestic eggs,0.08276563294356888,0.06344687341128623,0.010371123538383325,0.12530712530712532,1.9749929124929124,1.0,0.0051199029022077295,1.0707222542741757,0.538214753809738,0.07634730538922156,0.06605098006683068,0.1443843318843319
"whole milk, rolls/buns",yogurt,0.05663446873411286,0.13950177935943062,0.015556685307574987,0.2746858168761221,1.9690488403619975,1.0,0.007656076146090204,1.1863799725168247,0.5216859899093645,0.08614864864864864,0.15709972928945537,0.1931009259307724
yogurt,"whole milk, rolls/buns",0.13950177935943062,0.05663446873411286,0.015556685307574987,0.11151603498542273,1.9690488403619975,1.0,0.007656076146090204,1.0617699006536483,0.5719251582629192,0.08614864864864864,0.05817635310213759,0.1931009259307724
root vegetables,citrus fruit,0.10899847483477376,0.08276563294356888,0.017691916624300967,0.16231343283582092,1.961121144889802,1.0,0.008670588864717253,1.094961293412577,0.5500412523397096,0.10163551401869161,0.0867257080080145,0.18803632329751735
citrus fruit,root vegetables,0.08276563294356888,0.10899847483477376,0.017691916624300967,0.21375921375921378,1.9611211448898018,1.0,0.008670588864717253,1.1332425648195221,0.5343101091068478,0.10163551401869161,0.1175763856352696,0.18803632329751735
yogurt,"root vegetables, other vegetables",0.13950177935943062,0.047381799694966954,0.012913065582104729,0.09256559766763849,1.9536108434790225,1.0,0.006303220215404711,1.0497929082879562,0.5672612883687306,0.07422559906487435,0.04743117227678776,0.1825488932544201
"root vegetables, other vegetables",yogurt,0.047381799694966954,0.13950177935943062,0.012913065582104729,0.27253218884120173,1.9536108434790225,1.0,0.006303220215404711,1.1828677605265645,0.5124060501082897,0.07422559906487435,0.15459696056401026,0.1825488932544201
"fruit/vegetable juice, other vegetables",whole milk,0.021047280122013217,0.25551601423487547,0.01047280122013218,0.4975845410628019,1.9473712540201578,1.0,0.00509488409287044,1.4818094716671228,0.4969466079920619,0.039358043561329756,0.3251494074505131,0.26928570467386015
whole milk,"fruit/vegetable juice, other vegetables",0.25551601423487547,0.021047280122013217,0.01047280122013218,0.04098686828491842,1.9473712540201578,1.0,0.00509488409287044,1.0207917780304485,0.6534556052646234,0.039358043561329756,0.020368285166407627,0.26928570467386015
whole milk,butter,0.25551601423487547,0.05541433655312659,0.02755465175394001,0.1078392359729407,1.9460530014566455,1.0,0.013395401346415137,1.0587617182167677,0.652988365447708,0.0972371725870111,0.055500418277058323,0.30254347119747954
butter,whole milk,0.05541433655312659,0.25551601423487547,0.02755465175394001,0.4972477064220184,1.9460530014566455,1.0,0.013395401346415137,1.4808166870145727,0.5146588602592161,0.0972371725870111,0.3246969670391356,0.30254347119747954
other vegetables,beef,0.1934926283680732,0.05246568378240976,0.019725470259278087,0.10194429847609038,1.9430662316130791,1.0,0.009573747205091429,1.0550952625875214,0.601791776491934,0.08719101123595505,0.05221828259602413,0.23895664536207617
beef,other vegetables,0.05246568378240976,0.1934926283680732,0.019725470259278087,0.37596899224806196,1.943066231613079,1.0,0.009573747205091429,1.2924155396337709,0.5122236689702779,0.08719101123595505,0.22625504775084335,0.23895664536207617
other vegetables,pork,0.1934926283680732,0.05765124555160142,0.021657346212506354,0.11192853389385181,1.9414764212452074,1.0,0.010502255182033807,1.061118153677694,0.6012692392377462,0.09437306158617634,0.057597877734789873,0.24379495477761373
pork,other vegetables,0.05765124555160142,0.1934926283680732,0.021657346212506354,0.37566137566137564,1.9414764212452071,1.0,0.010502255182033807,1.2917787562579164,0.5145951236117612,0.09437306158617634,0.22587362955492052,0.24379495477761373
fruit/vegetable juice,"whole milk, other vegetables",0.0722928317234367,0.07483477376715811,0.01047280122013218,0.14486638537271448,1.9358164404084877,1.0,0.005062783513121564,1.0818955194926818,0.5210934141472613,0.07663690476190477,0.07569632928240982,0.14240601877331377
"whole milk, other vegetables",fruit/vegetable juice,0.07483477376715811,0.0722928317234367,0.01047280122013218,0.13994565217391303,1.9358164404084877,1.0,0.005062783513121564,1.078661099291549,0.5225251467941106,0.07663690476190477,0.07292475768636943,0.14240601877331377
yogurt,"rolls/buns, other vegetables",0.13950177935943062,0.042602948652770714,0.011489578037620742,0.08236151603498541,1.9332351078856362,1.0,0.00554639089460077,1.0433270488073063,0.5609916774632733,0.06734207389749701,0.04152777296135106,0.17602562675257624
"rolls/buns, other vegetables",yogurt,0.042602948652770714,0.13950177935943062,0.011489578037620742,0.26968973747016706,1.9332351078856362,1.0,0.00554639089460077,1.178263903426139,0.5042133141856077,0.06734207389749701,0.15129369821801877,0.17602562675257624
curd,whole milk,0.05327910523640061,0.25551601423487547,0.026131164209456024,0.4904580152671756,1.9194805332879712,1.0,0.012517499597450459,1.4610846761832408,0.5059840939568988,0.09244604316546762,0.31557697079386393,0.2963631102997239
whole milk,curd,0.25551601423487547,0.05327910523640061,0.026131164209456024,0.10226820533227217,1.919480533287971,1.0,0.012517499597450459,1.0545698619418995,0.6434332011516914,0.09244604316546762,0.05174608521564781,0.2963631102997239
other vegetables,butter milk,0.1934926283680732,0.027961362480935434,0.010371123538383325,0.053599579611140306,1.9169158744565997,1.0,0.0049608060191946995,1.0270902427533481,0.5930865790592585,0.049132947976878616,0.026375718145979592,0.2122543352601156
butter milk,other vegetables,0.027961362480935434,0.1934926283680732,0.010371123538383325,0.3709090909090909,1.9169158744565995,1.0,0.0049608060191946995,1.2820203884322534,0.4920881532529329,0.049132947976878616,0.2199812038692523,0.2122543352601156
whole milk,"root vegetables, other vegetables",0.25551601423487547,0.047381799694966954,0.023182511438739197,0.09072821329088739,1.9148325702057456,1.0,0.011075702833406004,1.0476715699634784,0.6417345946127269,0.08287895310796073,0.04550239915848836,0.2899992997784909
"root vegetables, other vegetables",whole milk,0.047381799694966954,0.25551601423487547,0.023182511438739197,0.4892703862660944,1.9148325702057454,1.0,0.011075702833406004,1.4576871317922186,0.5015242503740406,0.08287895310796073,0.31398173298648435,0.2899992997784909
frozen vegetables,other vegetables,0.04809354346720895,0.1934926283680732,0.017793594306049824,0.3699788583509514,1.912108287904155,1.0,0.008487848173045388,1.2801274724224878,0.5011175878170111,0.07950931394820536,0.21882779524478152,0.2309694607046402
other vegetables,frozen vegetables,0.1934926283680732,0.04809354346720895,0.017793594306049824,0.09196006305832896,1.912108287904155,1.0,0.008487848173045388,1.048309020128415,0.5914602694330381,0.07950931394820536,0.04608280497529004,0.2309694607046402
butter,yogurt,0.05541433655312659,0.13950177935943062,0.014641586171835282,0.26422018348623855,1.8940273357049242,1.0,0.006911187620651786,1.1695050629653623,0.49971594306901085,0.08121827411167512,0.14493743407623255,0.18458822585390644
yogurt,butter,0.13950177935943062,0.05541433655312659,0.014641586171835282,0.10495626822157433,1.894027335704924,1.0,0.006911187620651786,1.0553514089976468,0.5485479275801857,0.08121827411167512,0.052448320555348066,0.18458822585390644
pip fruit,root vegetables,0.07564819522114896,0.10899847483477376,0.015556685307574987,0.20564516129032256,1.8866792549350024,1.0,0.0073111474044665285,1.121666894624244,0.5084300137390783,0.09200240529164161,0.10846972056262952,0.17418452094366876
root vegetables,pip fruit,0.10899847483477376,0.07564819522114896,0.015556685307574987,0.14272388059701493,1.8866792549350024,1.0,0.0073111474044665285,1.0782428016571581,0.5274606019516102,0.09200240529164161,0.07256510457283488,0.17418452094366876
citrus fruit,yogurt,0.08276563294356888,0.13950177935943062,0.021657346212506354,0.2616707616707617,1.8757521436092865,1.0,0.010111393147068985,1.1654668079890573,0.5090089738445452,0.10795742524075012,0.14197470649083554,0.2084592875409202
yogurt,citrus fruit,0.13950177935943062,0.08276563294356888,0.021657346212506354,0.15524781341107868,1.875752143609286,1.0,0.010111393147068985,1.0858028918045068,0.5425700050870428,0.10795742524075012,0.07902253019598258,0.2084592875409202
yogurt,"whole milk, soda",0.13950177935943062,0.040061006609049314,0.01047280122013218,0.07507288629737609,1.8739640526261265,1.0,0.004884219515239891,1.0378536634612958,0.5419788479606832,0.06193625977149729,0.03647302581661835,0.16824710304716517
"whole milk, soda",yogurt,0.040061006609049314,0.13950177935943062,0.01047280122013218,0.26142131979695427,1.873964052626126,1.0,0.004884219515239891,1.1650731922075062,0.48583486815922694,0.06193625977149729,0.1416848257359146,0.16824710304716517
curd,root vegetables,0.05327910523640061,0.10899847483477376,0.010879511947127605,0.20419847328244276,1.8734067021761422,1.0,0.005072170735798531,1.1196278157951525,0.49245039281244074,0.07186030893216924,0.10684605554408588,0.15200595305913184
root vegetables,curd,0.10899847483477376,0.05327910523640061,0.010879511947127605,0.09981343283582089,1.8734067021761422,1.0,0.005072170735798531,1.051694092421325,0.5232461037859906,0.07186030893216924,0.049153164207958164,0.15200595305913184
butter,other vegetables,0.05541433655312659,0.1934926283680732,0.020030503304524657,0.3614678899082569,1.868122279163272,1.0,0.0093082376755872,1.2630647055729887,0.49196505166299664,0.08751665926254998,0.20827492401004874,0.2324943233041022
other vegetables,butter,0.1934926283680732,0.05541433655312659,0.020030503304524657,0.10352075669994745,1.868122279163272,1.0,0.0093082376755872,1.0536614991438453,0.5761920486572415,0.08751665926254998,0.05092859441808215,0.2324943233041022
whole milk,"other vegetables, tropical fruit",0.25551601423487547,0.035892221657346214,0.01708185053380783,0.06685236768802229,1.8625865048490062,1.0,0.00791081311388805,1.0331781863433216,0.6220579532004006,0.06226834692364714,0.03211274374727897,0.27138652378735395
"other vegetables, tropical fruit",whole milk,0.035892221657346214,0.25551601423487547,0.01708185053380783,0.47592067988668557,1.862586504849006,1.0,0.00791081311388805,1.4205559295950754,0.48035312521971446,0.06226834692364714,0.2960502440160547,0.27138652378735395
"yogurt, citrus fruit",whole milk,0.021657346212506354,0.25551601423487547,0.010269445856634469,0.47417840375586856,1.855767847568232,1.0,0.004735647073510069,1.4158490086426028,0.47134763362014853,0.03847619047619047,0.293709997396745,0.25718470526034576
whole milk,"yogurt, citrus fruit",0.25551601423487547,0.021657346212506354,0.010269445856634469,0.040191006764822915,1.8557678475682318,1.0,0.004735647073510069,1.0193097383780976,0.6194082123317494,0.03847619047619047,0.018943935931410662,0.25718470526034576
fruit/vegetable juice,yogurt,0.0722928317234367,0.13950177935943062,0.018708693441789527,0.2587904360056259,1.8551049111627773,1.0,0.008623714781438214,1.1609378270881305,0.49686683948687643,0.09689310163243811,0.13862742976667028,0.19645061158881877
yogurt,fruit/vegetable juice,0.13950177935943062,0.0722928317234367,0.018708693441789527,0.13411078717201164,1.855104911162777,1.0,0.008623714781438214,1.0713924535988593,0.5356744704570792,0.09689310163243811,0.06663520296325455,0.19645061158881877
whole milk,domestic eggs,0.25551601423487547,0.06344687341128623,0.029994916115912557,0.11738957421408674,1.8502026640954214,1.0,0.013783223906196004,1.061117225932118,0.6172310982921216,0.10380014074595353,0.05759705378303583,0.2950729922352485
domestic eggs,whole milk,0.06344687341128623,0.25551601423487547,0.029994916115912557,0.47275641025641024,1.8502026640954214,1.0,0.013783223906196004,1.4120304167703273,0.4906488005314205,0.10380014074595353,0.29179995832720496,0.2950729922352485
frozen vegetables,yogurt,0.04809354346720895,0.13950177935943062,0.012404677173360447,0.25792811839323465,1.8489235017474217,1.0,0.005695542283984678,1.1595887702649268,0.4823422905992483,0.07080673244341264,0.137625315419764,0.17342470059603424
yogurt,frozen vegetables,0.13950177935943062,0.04809354346720895,0.012404677173360447,0.08892128279883381,1.8489235017474217,1.0,0.005695542283984678,1.0448125266903914,0.5335801163405605,0.07080673244341264,0.042890495228213046,0.17342470059603424
"rolls/buns, whole milk",tropical fruit,0.05663446873411286,0.10493136756481952,0.010981189628876462,0.1938958707360862,1.8478351634587284,1.0,0.005038457373298986,1.110363537341638,0.48637158391415775,0.07292370020256582,0.0993940575587195,0.14927351676339193
tropical fruit,"rolls/buns, whole milk",0.10493136756481952,0.05663446873411286,0.010981189628876462,0.10465116279069768,1.8478351634587284,1.0,0.005038457373298986,1.0536290349203414,0.5126156487056182,0.07292370020256582,0.05089935180497,0.14927351676339193
tropical fruit,root vegetables,0.10493136756481952,0.10899847483477376,0.021047280122013217,0.2005813953488372,1.8402220366192295,1.0,0.00960992109512084,1.1145619078430467,0.5101143055644733,0.10911966262519768,0.10278649129930548,0.19683920513710518
root vegetables,tropical fruit,0.10899847483477376,0.10493136756481952,0.021047280122013217,0.19309701492537312,1.8402220366192292,1.0,0.00960992109512084,1.1092642473647554,0.5124427972023347,0.10911966262519768,0.09850154967522944,0.19683920513710518
tropical fruit,whipped/sour cream,0.10493136756481952,0.07168276563294357,0.013828164717844434,0.13178294573643412,1.8384188245642974,1.0,0.006306394089151219,1.069222528869199,0.5095188137733795,0.08494690818238601,0.06474099357259908,0.16234537357743692
whipped/sour cream,tropical fruit,0.07168276563294357,0.10493136756481952,0.013828164717844434,0.19290780141843972,1.8384188245642972,1.0,0.006306394089151219,1.1090041930875258,0.49126989240383995,0.08494690818238601,0.09829015414635404,0.16234537357743692
"other vegetables, pork",whole milk,0.021657346212506354,0.25551601423487547,0.010167768174885612,0.4694835680751174,1.837393908483398,1.0,0.004633969391761212,1.4033193713979781,0.4658397422573268,0.03808073115003807,0.287403836659216,0.2546383220399463
whole milk,"other vegetables, pork",0.25551601423487547,0.021657346212506354,0.010167768174885612,0.03979307600477516,1.837393908483398,1.0,0.004633969391761212,1.0188873141185129,0.6121701720841299,0.03808073115003807,0.018537196269690682,0.2546383220399463
curd,tropical fruit,0.05327910523640061,0.10493136756481952,0.010269445856634469,0.19274809160305345,1.836896783833363,1.0,0.004678796481549016,1.108784783442162,0.48124383912991237,0.06941580756013746,0.09811172110826204,0.1453081543286585
tropical fruit,curd,0.10493136756481952,0.05327910523640061,0.010269445856634469,0.09786821705426356,1.836896783833363,1.0,0.004678796481549016,1.0494263838840328,0.5090152659478149,0.06941580756013746,0.047098476503993354,0.1453081543286585
citrus fruit,whipped/sour cream,0.08276563294356888,0.07168276563294357,0.010879511947127605,0.13144963144963145,1.8337689720668444,1.0,0.004946642478371524,1.0688122047733861,0.49570213634437615,0.07577903682719547,0.06438194143561066,0.14161134054751076
whipped/sour cream,citrus fruit,0.07168276563294357,0.08276563294356888,0.010879511947127605,0.15177304964539007,1.8337689720668444,1.0,0.004946642478371524,1.0813548976166956,0.48978411522043996,0.07577903682719547,0.07523422494872091,0.14161134054751076
"pastry, other vegetables",whole milk,0.02257244534824606,0.25551601423487547,0.010574478901881037,0.46846846846846846,1.8334211648974879,1.0,0.004806857634962648,1.400639363049641,0.46506933719562443,0.039528696313188894,0.28604034244569615,0.2549266337567173
whole milk,"pastry, other vegetables",0.25551601423487547,0.02257244534824606,0.010574478901881037,0.04138479904496617,1.8334211648974876,1.0,0.004806857634962648,1.0196245101037185,0.6105861156052359,0.039528696313188894,0.01924680106181653,0.2549266337567173
napkins,tropical fruit,0.05236400610066091,0.10493136756481952,0.010066090493136757,0.19223300970873786,1.831988033416121,1.0,0.004571463721821855,1.1080777540964373,0.4792398231239433,0.06837016574585635,0.09753625474104702,0.1440816211334387
tropical fruit,napkins,0.10493136756481952,0.05236400610066091,0.010066090493136757,0.09593023255813954,1.831988033416121,1.0,0.004571463721821855,1.0481890093291724,0.5073855675923153,0.06837016574585635,0.04597358768340154,0.1440816211334387
other vegetables,cream cheese ,0.1934926283680732,0.03721403152008134,0.01311642094560244,0.06778770362585392,1.8215630195635881,1.0,0.005915780174609579,1.0327968985441294,0.5592272689957664,0.0602803738317757,0.03175541927978385,0.21012336000964826
cream cheese ,other vegetables,0.03721403152008134,0.1934926283680732,0.01311642094560244,0.3524590163934426,1.8215630195635881,1.0,0.005915780174609579,1.245492396697406,0.4684539758870439,0.0602803738317757,0.19710469317063897,0.21012336000964826
frankfurter,sausage,0.058973055414336555,0.09395017793594305,0.010066090493136757,0.1706896551724138,1.8168103448275863,1.0,0.004525561443533607,1.09253408897537,0.4777597694939672,0.0704626334519573,0.08469675217379528,0.13891625615763548
sausage,frankfurter,0.09395017793594305,0.058973055414336555,0.010066090493136757,0.10714285714285715,1.8168103448275863,1.0,0.004525561443533607,1.0539501779359433,0.49620319455354805,0.0704626334519573,0.05118854673149649,0.13891625615763548
domestic eggs,other vegetables,0.06344687341128623,0.1934926283680732,0.02226741230299949,0.35096153846153844,1.8138238206879824,1.0,0.0099909100049133,1.2426187651810428,0.4790743051414107,0.09488734835355286,0.195247948911905,0.23302149440155218
other vegetables,domestic eggs,0.1934926283680732,0.06344687341128623,0.02226741230299949,0.11508145034156594,1.8138238206879822,1.0,0.0099909100049133,1.0583495248802388,0.5563229229270719,0.09488734835355286,0.05513256585705146,0.23302149440155218
tropical fruit,fruit/vegetable juice,0.10493136756481952,0.0722928317234367,0.013726487036095577,0.1308139534883721,1.8095010303208716,1.0,0.006140701338221996,1.0673286484519657,0.49980688401681256,0.08395522388059702,0.06308145907037918,0.16034368560494555
fruit/vegetable juice,tropical fruit,0.0722928317234367,0.10493136756481952,0.013726487036095577,0.189873417721519,1.8095010303208714,1.0,0.006140701338221996,1.104850343162176,0.4822227093380097,0.08395522388059702,0.09490004126901504,0.16034368560494555
citrus fruit,other vegetables,0.08276563294356888,0.1934926283680732,0.02887646161667514,0.34889434889434895,1.8031402634660652,1.0,0.01286192175987681,1.2386735858648839,0.48560323252005105,0.11672831894780107,0.19268481106605168,0.2490661970430757
other vegetables,citrus fruit,0.1934926283680732,0.08276563294356888,0.02887646161667514,0.14923804519180242,1.803140263466065,1.0,0.01286192175987681,1.078132798337485,0.5522726627034015,0.11672831894780107,0.07247047716011272,0.2490661970430757
"whole milk, soda",other vegetables,0.040061006609049314,0.1934926283680732,0.013929842399593289,0.3477157360406091,1.7970490089119235,1.0,0.0061783329357375846,1.236435425770347,0.46204201738495776,0.06342592592592593,0.19122343216835486,0.2098536641317076
other vegetables,"whole milk, soda",0.1934926283680732,0.040061006609049314,0.013929842399593289,0.07199159222280609,1.7970490089119235,1.0,0.0061783329357375846,1.0344076468986292,0.5499418414184803,0.06342592592592593,0.03326314050538056,0.2098536641317076
pip fruit,other vegetables,0.07564819522114896,0.1934926283680732,0.026131164209456024,0.3454301075268817,1.7852365252374574,1.0,0.011493796084814796,1.2321180379756747,0.47584710923318785,0.10753138075313806,0.18838944875528008,0.24024001435198525
other vegetables,pip fruit,0.1934926283680732,0.07564819522114896,0.026131164209456024,0.1350499211770888,1.7852365252374574,1.0,0.011493796084814796,1.0686764790365453,0.5453764586534179,0.10753138075313806,0.06426311459428757,0.24024001435198525
bottled water,fruit/vegetable juice,0.11052364006100661,0.0722928317234367,0.014234875444839857,0.12879484820607176,1.7815714938209786,1.0,0.0062448085324478195,1.0648550073037215,0.4932090600300477,0.08443908323281062,0.060905012287014004,0.16285030736604572
fruit/vegetable juice,bottled water,0.0722928317234367,0.11052364006100661,0.014234875444839857,0.19690576652601968,1.7815714938209783,1.0,0.0062448085324478195,1.1075616320781512,0.47288391682845876,0.08443908323281062,0.09711570802279419,0.16285030736604572
frankfurter,rolls/buns,0.058973055414336555,0.18393492628368074,0.019217081850533807,0.3258620689655172,1.7716160576428202,1.0,0.008369877250174393,1.2105313113950515,0.46283862005093757,0.0859090909090909,0.17391645256365085,0.21516984045290785
rolls/buns,frankfurter,0.18393492628368074,0.058973055414336555,0.019217081850533807,0.10447761194029849,1.77161605764282,1.0,0.008369877250174393,1.0508134214539908,0.5337118650101454,0.0859090909090909,0.04835627373666511,0.21516984045290785
whole milk,"rolls/buns, yogurt",0.25551601423487547,0.03436705643111337,0.015556685307574987,0.060883406287306,1.7715630202238302,1.0,0.006775352027311856,1.0282354183002593,0.5850048113573026,0.05670867309117864,0.02746007168954981,0.2567730640903986
"rolls/buns, yogurt",whole milk,0.03436705643111337,0.25551601423487547,0.015556685307574987,0.45266272189349116,1.7715630202238302,1.0,0.006775352027311856,1.360192363181687,0.4510271905610372,0.05670867309117864,0.26480987022978497,0.2567730640903986
sausage,rolls/buns,0.09395017793594305,0.18393492628368074,0.030604982206405694,0.3257575757575758,1.7710479588589043,1.0,0.013324263153419318,1.210343704837687,0.4805061943299762,0.12376644736842105,0.17378840737300746,0.24607392331272931
rolls/buns,sausage,0.18393492628368074,0.09395017793594305,0.030604982206405694,0.1663902708678828,1.771047958858904,1.0,0.013324263153419318,1.086899289200185,0.5334899947264413,0.12376644736842105,0.07995155582826029,0.24607392331272931
bottled beer,bottled water,0.08052872394509406,0.11052364006100661,0.0157600406710727,0.19570707070707072,1.7707258881361918,1.0,0.006859712971192962,1.1059109530167706,0.4733805866594372,0.08990719257540604,0.095768065889808,0.1691506834676108
bottled water,bottled beer,0.11052364006100661,0.08052872394509406,0.0157600406710727,0.14259429622815087,1.7707258881361916,1.0,0.006859712971192962,1.0723876363430074,0.4893439237724383,0.08990719257540604,0.06750137160277161,0.1691506834676108
tropical fruit,other vegetables,0.10493136756481952,0.1934926283680732,0.035892221657346214,0.34205426356589147,1.7677896385551983,1.0,0.015588775548972898,1.2257961819206897,0.4852385823915939,0.13671572424477152,0.18420369165034578,0.2637754239532032
other vegetables,tropical fruit,0.1934926283680732,0.10493136756481952,0.035892221657346214,0.18549658434051497,1.7677896385551983,1.0,0.015588775548972898,1.0989132951768699,0.5385218407454868,0.13671572424477152,0.09001009962387423,0.2637754239532032
"citrus fruit, other vegetables",whole milk,0.02887646161667514,0.25551601423487547,0.013014743263853584,0.45070422535211263,1.7638981521440618,1.0,0.005636344886354384,1.3553426407518934,0.4459513401738037,0.04795803671787186,0.26217919370909964,0.2508196813191124
whole milk,"citrus fruit, other vegetables",0.25551601423487547,0.02887646161667514,0.013014743263853584,0.05093513728611221,1.7638981521440618,1.0,0.005636344886354384,1.0232425375082999,0.581710086042065,0.04795803671787186,0.022714592734678418,0.2508196813191124
whipped/sour cream,whole milk,0.07168276563294357,0.25551601423487547,0.032231825114387394,0.449645390070922,1.759754242478121,1.0,0.013915730550524943,1.3527350772278683,0.46507682580047743,0.10927266459841434,0.2607569532023379,0.28789472050302967
whole milk,whipped/sour cream,0.25551601423487547,0.07168276563294357,0.032231825114387394,0.12614405093513728,1.7597542424781207,1.0,0.013915730550524943,1.0623229553572007,0.5799168833048839,0.10927266459841434,0.058666674802527394,0.28789472050302967
other vegetables,"sausage, whole milk",0.1934926283680732,0.0298932384341637,0.010167768174885612,0.05254860746190226,1.7578760353326828,1.0,0.004383646899825772,1.023911906411418,0.5345663136661624,0.04768717215069146,0.023353480178996824,0.19634233094183548
"sausage, whole milk",other vegetables,0.0298932384341637,0.1934926283680732,0.010167768174885612,0.3401360544217687,1.7578760353326826,1.0,0.004383646899825772,1.2222328209267344,0.44441672780630953,0.04768717215069146,0.1818252767571981,0.19634233094183548
whole milk,root vegetables,0.25551601423487547,0.10899847483477376,0.048906964921199794,0.19140469558296855,1.75603095247994,1.0,0.021056109073738026,1.1019128113879004,0.5782984779160687,0.15496134020618554,0.09248718259254772,0.3200493627168574
root vegetables,whole milk,0.10899847483477376,0.25551601423487547,0.048906964921199794,0.44869402985074625,1.7560309524799398,1.0,0.021056109073738026,1.3504007322169433,0.48320226581096143,0.15496134020618554,0.2594790745127136,0.3200493627168574
brown bread,sausage,0.06487036095577021,0.09395017793594305,0.010676156583629894,0.164576802507837,1.75174551154175,1.0,0.004581574629066429,1.0845399371048186,0.4589105142981407,0.07206588881262868,0.07795004518736133,0.13910658307210033
sausage,brown bread,0.09395017793594305,0.06487036095577021,0.010676156583629894,0.11363636363636365,1.7517455115417497,1.0,0.004581574629066429,1.0550180543063106,0.47363932218606214,0.07206588881262868,0.05214892207933418,0.13910658307210033
whole milk,"rolls/buns, tropical fruit",0.25551601423487547,0.024605998983223184,0.010981189628876462,0.04297652208515718,1.7465871682128962,1.0,0.004693962842415875,1.0191954779855137,0.574162594717088,0.040800906686815255,0.018833951288181057,0.2446287569103472
"rolls/buns, tropical fruit",whole milk,0.024605998983223184,0.25551601423487547,0.010981189628876462,0.4462809917355372,1.7465871682128962,1.0,0.004693962842415875,1.3445158548892548,0.4382381443259165,0.040800906686815255,0.2562378521877913,0.2446287569103472
margarine,yogurt,0.05856634468734113,0.13950177935943062,0.014234875444839857,0.24305555555555555,1.7423115079365077,1.0,0.006064766150378034,1.136804988736165,0.45255427151960254,0.07743362831858407,0.12034165058358606,0.17254818594104307
yogurt,margarine,0.13950177935943062,0.05856634468734113,0.014234875444839857,0.1020408163265306,1.7423115079365077,1.0,0.006064766150378034,1.0484147525072791,0.4951199338296112,0.07743362831858407,0.046179007297918614,0.17254818594104307
other vegetables,margarine,0.1934926283680732,0.05856634468734113,0.019725470259278087,0.10194429847609038,1.7406634991533836,1.0,0.00839331429181391,1.0483020749327032,0.5275914863972633,0.0849015317286652,0.04607648509691639,0.21937492701582295
margarine,other vegetables,0.05856634468734113,0.1934926283680732,0.019725470259278087,0.3368055555555555,1.7406634991533834,1.0,0.00839331429181391,1.2160948849737954,0.45197706772903035,0.0849015317286652,0.17769574368241156,0.21937492701582295
whole milk,sugar,0.25551601423487547,0.03385866802236909,0.015048296898830707,0.05889375248706725,1.739399566697617,1.0,0.006396864998453124,1.026601762054878,0.5709847036328872,0.05485544848035581,0.025912445349432375,0.25166909846575586
sugar,whole milk,0.03385866802236909,0.25551601423487547,0.015048296898830707,0.4444444444444445,1.7393995666976168,1.0,0.006396864998453124,1.340071174377224,0.43998631866975374,0.05485544848035581,0.25377097939239435,0.25166909846575586
margarine,root vegetables,0.05856634468734113,0.10899847483477376,0.011082867310625319,0.18923611111111113,1.7361354037106138,1.0,0.004699225063057481,1.0989654785763818,0.4503854915277078,0.07082521117608838,0.09005330968592697,0.14545760779436154
root vegetables,margarine,0.10899847483477376,0.05856634468734113,0.011082867310625319,0.10167910447761196,1.7361354037106138,1.0,0.004699225063057481,1.0479926048755663,0.47587804017517366,0.07082521117608838,0.04579479344824642,0.14545760779436154
whole milk,hamburger meat,0.25551601423487547,0.033248601931875954,0.014743263853584139,0.05769996020692399,1.7354101181501451,1.0,0.006247713609069214,1.0259485909396941,0.5692094679237818,0.05380333951762523,0.025292291610759094,0.2505625183297617
hamburger meat,whole milk,0.033248601931875954,0.25551601423487547,0.014743263853584139,0.4434250764525994,1.7354101181501451,1.0,0.006247713609069214,1.3376168315670094,0.4383415780540524,0.05380333951762523,0.25240175183164637,0.2505625183297617
fruit/vegetable juice,citrus fruit,0.0722928317234367,0.08276563294356888,0.010371123538383325,0.14345991561181437,1.733327113073949,1.0,0.004387761563510171,1.0708598275486414,0.4560435309590738,0.07167955024595925,0.06617096442103917,0.13438352045946983
citrus fruit,fruit/vegetable juice,0.08276563294356888,0.0722928317234367,0.010371123538383325,0.12530712530712532,1.7333271130739487,1.0,0.004387761563510171,1.060609037889217,0.4612505461113612,0.07167955024595925,0.05714550387939254,0.13438352045946983
"yogurt, rolls/buns",other vegetables,0.03436705643111337,0.1934926283680732,0.011489578037620742,0.334319526627219,1.7278153149651596,1.0,0.004839805959490723,1.2115532960515167,0.4362262512335056,0.05310150375939849,0.17461328093528727,0.19684972652958427
other vegetables,"yogurt, rolls/buns",0.1934926283680732,0.03436705643111337,0.011489578037620742,0.05937992643194955,1.7278153149651594,1.0,0.004839805959490723,1.026591894755079,0.5222945925320982,0.05310150375939849,0.025903082705930704,0.19684972652958427
whole milk,ham,0.25551601423487547,0.026029486527707167,0.011489578037620742,0.044966175885395934,1.7275091399721447,1.0,0.004838627387480619,1.0198282918149466,0.5656694698725867,0.04254518072289157,0.01944277480247093,0.24318621294269796
ham,whole milk,0.026029486527707167,0.25551601423487547,0.011489578037620742,0.44140625,1.7275091399721447,1.0,0.004838627387480619,1.332782519971132,0.4323866644124731,0.04254518072289157,0.24969003943594645,0.24318621294269796
whole milk,sliced cheese,0.25551601423487547,0.024504321301474327,0.010777834265378749,0.04218066056506167,1.7213560027277242,1.0,0.004516587754895272,1.018454773813625,0.5628900753995453,0.04003021148036253,0.018120366547569475,0.2410073427306636
sliced cheese,whole milk,0.024504321301474327,0.25551601423487547,0.010777834265378749,0.4398340248962655,1.7213560027277242,1.0,0.004516587754895272,1.3290417819955187,0.4295894446607745,0.04003021148036253,0.24757820743714437,0.2410073427306636
tropical fruit,domestic eggs,0.10493136756481952,0.06344687341128623,0.011387900355871887,0.10852713178294575,1.7105197773802425,1.0,0.004730333161113637,1.0505682898256006,0.4640788043037276,0.07253886010362694,0.04813422441485955,0.1440071556350626
domestic eggs,tropical fruit,0.06344687341128623,0.10493136756481952,0.011387900355871887,0.1794871794871795,1.7105197773802425,1.0,0.004730333161113637,1.0908648957803762,0.44352249639406294,0.07253886010362694,0.08329619564425882,0.1440071556350626
yogurt,pip fruit,0.13950177935943062,0.07564819522114896,0.017996949669547534,0.12900874635568513,1.70537771560237,1.0,0.007443891830867678,1.0612641641477687,0.48067460150565666,0.09128416709644145,0.05772753496954826,0.18345598608106836
pip fruit,yogurt,0.07564819522114896,0.13950177935943062,0.017996949669547534,0.2379032258064516,1.7053777156023697,1.0,0.007443891830867678,1.129119358300853,0.4474699320803401,0.09128416709644145,0.11435403826142637,0.18345598608106836
"bottled water, other vegetables",whole milk,0.024809354346720894,0.25551601423487547,0.010777834265378749,0.4344262295081967,1.7001917895794327,1.0,0.004438646926963943,1.316334003816597,0.4223082567580062,0.039984911354205954,0.24031439049619155,0.2383034450366292
whole milk,"bottled water, other vegetables",0.25551601423487547,0.024809354346720894,0.010777834265378749,0.04218066056506167,1.7001917895794327,1.0,0.004438646926963943,1.0181363076554593,0.5531765215195353,0.039984911354205954,0.01781324123213237,0.2383034450366292
yogurt,root vegetables,0.13950177935943062,0.10899847483477376,0.025826131164209457,0.18513119533527697,1.6984750989948219,1.0,0.010620649977294398,1.0934294208646604,0.4779052122206809,0.11598173515981736,0.0854462291592433,0.21103574692136984
root vegetables,yogurt,0.10899847483477376,0.13950177935943062,0.025826131164209457,0.2369402985074627,1.6984750989948219,1.0,0.010620649977294398,1.1276944896414307,0.4615441984507157,0.11598173515981736,0.11323500364184044,0.21103574692136984
sausage,shopping bags,0.09395017793594305,0.09852567361464158,0.015658362989323844,0.16666666666666669,1.6916064671482631,1.0,0.006401858421969617,1.0817691916624301,0.4512400403995063,0.08855664174813112,0.07558839010451916,0.16279669762641902
shopping bags,sausage,0.09852567361464158,0.09395017793594305,0.015658362989323844,0.15892672858617132,1.6916064671482631,1.0,0.006401858421969617,1.0772543283191056,0.4535303406271149,0.08855664174813112,0.07171410342778532,0.16279669762641902
other vegetables,white bread,0.1934926283680732,0.042094560244026434,0.013726487036095577,0.07094062007356805,1.685268112134159,1.0,0.005581499934480701,1.031048671864037,0.5041771726340561,0.061869844179651697,0.03011368203200741,0.1985137882976536
white bread,other vegetables,0.042094560244026434,0.1934926283680732,0.013726487036095577,0.32608695652173914,1.6852681121341588,1.0,0.005581499934480701,1.196752874034472,0.4244913844956304,0.061869844179651697,0.16440559977197483,0.1985137882976536
napkins,yogurt,0.05236400610066091,0.13950177935943062,0.012302999491611592,0.23495145631067962,1.684218347533188,1.0,0.0049981274661813156,1.124762902613942,0.42870127336572905,0.06851642129105323,0.11092373541480964,0.16157193806787626
yogurt,napkins,0.13950177935943062,0.05236400610066091,0.012302999491611592,0.08819241982507288,1.6842183475331878,1.0,0.0049981274661813156,1.0392938318384437,0.47211341932749556,0.06851642129105323,0.037808202680213704,0.16157193806787626
whole milk,cream cheese ,0.25551601423487547,0.03721403152008134,0.015861718352821557,0.06207719856744926,1.6681126992100095,1.0,0.0063529373451993495,1.026508756381008,0.5379835269892632,0.057289753947851636,0.025824189239715228,0.2441533533820853
cream cheese ,whole milk,0.03721403152008134,0.25551601423487547,0.015861718352821557,0.42622950819672134,1.6681126992100095,1.0,0.0063529373451993495,1.2975292323335028,0.4160012023038742,0.057289753947851636,0.2293044541265712,0.2441533533820853
curd,other vegetables,0.05327910523640061,0.1934926283680732,0.017183528215556684,0.32251908396946566,1.6668287918232763,1.0,0.006874414106266357,1.1904503175637453,0.4225726521852692,0.07484499557130203,0.15998174367620963,0.20566311529004022
other vegetables,curd,0.1934926283680732,0.05327910523640061,0.017183528215556684,0.08880714661061481,1.6668287918232763,1.0,0.006874414106266357,1.0389906936188753,0.49603806914990434,0.07484499557130203,0.037527471476253536,0.20566311529004022
"other vegetables, soda",whole milk,0.032740213523131674,0.25551601423487547,0.013929842399593289,0.42546583850931674,1.6651239640824234,1.0,0.005564193534963914,1.2958045590074059,0.4129646637985207,0.05077835433654558,0.22827868365735182,0.23999117631792935
whole milk,"other vegetables, soda",0.25551601423487547,0.032740213523131674,0.013929842399593289,0.05451651412654197,1.6651239640824231,1.0,0.005564193534963914,1.0230319206297853,0.5365382199829729,0.05077835433654558,0.02251339392773471,0.23999117631792935
frozen vegetables,whole milk,0.04809354346720895,0.25551601423487547,0.02043721403152008,0.4249471458773784,1.6630939831691272,1.0,0.008148543494347116,1.2946357546577347,0.418855306887906,0.07217235188509874,0.2275819693668419,0.25246561432348824
whole milk,frozen vegetables,0.25551601423487547,0.04809354346720895,0.02043721403152008,0.07998408276959808,1.6630939831691272,1.0,0.008148543494347116,1.0346630299597335,0.5355535896045583,0.07217235188509874,0.03350175753460768,0.25246561432348824
other vegetables,sugar,0.1934926283680732,0.03385866802236909,0.010777834265378749,0.05570152390961639,1.6451185815347666,1.0,0.0042264315966885225,1.0231313048154878,0.4862213246558008,0.04976525821596244,0.022608344311837218,0.18700992111396736
sugar,other vegetables,0.03385866802236909,0.1934926283680732,0.010777834265378749,0.3183183183183183,1.6451185815347664,1.0,0.0042264315966885225,1.183114338120844,0.4058837662776059,0.04976525821596244,0.15477315439493955,0.18700992111396736
"rolls/buns, other vegetables",whole milk,0.042602948652770714,0.25551601423487547,0.017895271987798677,0.4200477326968974,1.6439193995519241,1.0,0.007009536353389646,1.2836987244262847,0.4091277178110758,0.06386066763425254,0.22100101762824167,0.24504177323265083
whole milk,"rolls/buns, other vegetables",0.25551601423487547,0.042602948652770714,0.017895271987798677,0.07003581376840429,1.6439193995519241,1.0,0.007009536353389646,1.0294988404088947,0.5261331044672344,0.06386066763425254,0.028653592652108772,0.24504177323265083
other vegetables,"whole milk, pastry",0.1934926283680732,0.033248601931875954,0.010574478901881037,0.05465055176037835,1.6436947295514406,1.0,0.004141119524518562,1.0226391942877378,0.4855684374878777,0.048918156161806205,0.022138007631817527,0.18634668260801793
"whole milk, pastry",other vegetables,0.033248601931875954,0.1934926283680732,0.010574478901881037,0.3180428134556575,1.6436947295514406,1.0,0.004141119524518562,1.182636370061166,0.4050829665706611,0.048918156161806205,0.15443155198391217,0.18634668260801793
other vegetables,"rolls/buns, whole milk",0.1934926283680732,0.05663446873411286,0.017895271987798677,0.09248554913294797,1.6330258091966667,1.0,0.006936919776205716,1.0395046936878884,0.48064012859304084,0.07705779334500876,0.03800338173340626,0.2042320025736553
"rolls/buns, whole milk",other vegetables,0.05663446873411286,0.1934926283680732,0.017895271987798677,0.31597845601436264,1.6330258091966665,1.0,0.006936919776205716,1.1790672073464126,0.41091156499245524,0.07705779334500876,0.15187192573137376,0.2042320025736553
butter milk,whole milk,0.027961362480935434,0.25551601423487547,0.011591255719369599,0.41454545454545455,1.622385414028868,1.0,0.004446679825664388,1.271634137176455,0.3946588490053586,0.042632759910246815,0.21361029028333042,0.22995478059544913
whole milk,butter milk,0.25551601423487547,0.027961362480935434,0.011591255719369599,0.04536410664544369,1.622385414028868,1.0,0.004446679825664388,1.018229719085206,0.5152879809466304,0.042632759910246815,0.017903346114847146,0.22995478059544913
other vegetables,"bottled water, whole milk",0.1934926283680732,0.03436705643111337,0.010777834265378749,0.05570152390961639,1.620782507843424,1.0,0.00412806218724873,1.0225929279975465,0.47490461374513565,0.04964871194379391,0.022093765152266742,0.18465549568261885
"bottled water, whole milk",other vegetables,0.03436705643111337,0.1934926283680732,0.010777834265378749,0.3136094674556213,1.6207825078434237,1.0,0.00412806218724873,1.174997808670652,0.3966456140072039,0.04964871194379391,0.14893458300882947,0.18465549568261885
yogurt,domestic eggs,0.13950177935943062,0.06344687341128623,0.014336553126588714,0.10276967930029153,1.6197753139717421,1.0,0.005485601390921737,1.043826880324708,0.4446614927054185,0.07601078167115903,0.04198673281059246,0.16436560888091498
domestic eggs,yogurt,0.06344687341128623,0.13950177935943062,0.014336553126588714,0.22596153846153844,1.6197753139717421,1.0,0.005485601390921737,1.111699564554276,0.40855175472434657,0.07601078167115903,0.10047639498632051,0.16436560888091498
margarine,whole milk,0.05856634468734113,0.25551601423487547,0.024199288256227757,0.4131944444444444,1.6170980346641903,1.0,0.009234649293412478,1.2687064372802122,0.40534805562791043,0.08347948088390038,0.21179559698321643,0.25395098266790467
whole milk,margarine,0.25551601423487547,0.05856634468734113,0.024199288256227757,0.09470752089136489,1.6170980346641903,1.0,0.009234649293412478,1.0399220992530602,0.5125809405980364,0.08347948088390038,0.038389509446654466,0.25395098266790467
other vegetables,dessert,0.1934926283680732,0.03711235383833249,0.011591255719369599,0.05990541250656858,1.6141636493208271,1.0,0.004410288830264696,1.0242454950506725,0.47176770089621434,0.052924791086350974,0.023671566209303267,0.1861170898149281
dessert,other vegetables,0.03711235383833249,0.1934926283680732,0.011591255719369599,0.31232876712328766,1.6141636493208271,1.0,0.004410288830264696,1.1728095244846743,0.39514903944126417,0.052924791086350974,0.14734662438950255,0.1861170898149281
yogurt,other vegetables,0.13950177935943062,0.1934926283680732,0.04341637010676157,0.3112244897959184,1.6084565723294046,1.0,0.016423804156482313,1.1709292210359827,0.43961274051173577,0.14992977528089887,0.14597741517181761,0.2678035218291205
other vegetables,yogurt,0.1934926283680732,0.13950177935943062,0.04341637010676157,0.22438255386232264,1.6084565723294044,1.0,0.016423804156482313,1.10943639151694,0.469042186453709,0.14992977528089887,0.0986414294264378,0.2678035218291205
whole milk,hard cheese,0.25551601423487547,0.024504321301474327,0.010066090493136757,0.03939514524472742,1.607681549717403,1.0,0.0038048439826532804,1.015501508106626,0.5077157811383433,0.03728813559322034,0.015264879454022738,0.225091763493733
hard cheese,whole milk,0.024504321301474327,0.25551601423487547,0.010066090493136757,0.4107883817427386,1.6076815497174028,1.0,0.0038048439826532804,1.263525637812641,0.38748123300968823,0.03728813559322034,0.20856374411907044,0.225091763493733
brown bread,yogurt,0.06487036095577021,0.13950177935943062,0.014539908490086425,0.22413793103448273,1.606703026038001,1.0,0.005490377709067946,1.1090865954922895,0.4038022432063966,0.07659346545259774,0.09835714896893981,0.16418266814114807
yogurt,brown bread,0.13950177935943062,0.06487036095577021,0.014539908490086425,0.10422740524781339,1.6067030260380009,1.0,0.005490377709067946,1.0439364237336721,0.438824203092193,0.07659346545259774,0.0420872600426492,0.16418266814114807
whole milk,chicken,0.25551601423487547,0.04290798169801729,0.01759023894255211,0.06884202148826105,1.6044106192821028,1.0,0.00662656248021175,1.027851385467044,0.5060124448767117,0.06263577118030413,0.027096704699569464,0.2393973140616661
chicken,whole milk,0.04290798169801729,0.25551601423487547,0.01759023894255211,0.4099526066350711,1.6044106192821026,1.0,0.00662656248021175,1.2617359116180025,0.3936070457226477,0.06263577118030413,0.2074411207669932,0.2393973140616661
yogurt,beef,0.13950177935943062,0.05246568378240976,0.011692933401118455,0.08381924198250729,1.5976012498022465,1.0,0.004373877158163072,1.0342220221563514,0.43470349192649343,0.06486181613085167,0.0330896281680394,0.15334372951838543
beef,yogurt,0.05246568378240976,0.13950177935943062,0.011692933401118455,0.22286821705426357,1.5976012498022465,1.0,0.004373877158163072,1.1072745183305082,0.3947736508395658,0.06486181613085167,0.09688159219292003,0.15334372951838543
berries,other vegetables,0.033248601931875954,0.1934926283680732,0.010269445856634469,0.308868501529052,1.5962804585066874,1.0,0.0038360864792719935,1.166937657184248,0.38639061634392297,0.04744011272898074,0.14305619169670025,0.18097129753278662
other vegetables,berries,0.1934926283680732,0.033248601931875954,0.010269445856634469,0.05307409353652128,1.5962804585066874,1.0,0.0038360864792719935,1.0209366873050167,0.46316212559228687,0.04744011272898074,0.020507331713471477,0.18097129753278662
bottled water,tropical fruit,0.11052364006100661,0.10493136756481952,0.018505338078291814,0.16743330266789327,1.595645864087917,1.0,0.006907941378448518,1.0750713850354046,0.41967897214810795,0.09395973154362414,0.06982920955796097,0.17189494590759002
tropical fruit,bottled water,0.10493136756481952,0.11052364006100661,0.018505338078291814,0.1763565891472868,1.595645864087917,1.0,0.006907941378448518,1.0799289452435779,0.4170568724697999,0.09395973154362414,0.07401315206487948,0.17189494590759002
pastry,"whole milk, other vegetables",0.08896797153024912,0.07483477376715811,0.010574478901881037,0.11885714285714284,1.5882608695652172,1.0,0.003916580879891881,1.0499605356079593,0.4065504807692307,0.0690112806901128,0.04758325090669303,0.1300807453416149
"whole milk, other vegetables",pastry,0.07483477376715811,0.08896797153024912,0.010574478901881037,0.14130434782608695,1.5882608695652172,1.0,0.003916580879891881,1.0609486913824946,0.400339851378427,0.0690112806901128,0.05744735054347825,0.1300807453416149
whole milk,white bread,0.25551601423487547,0.042094560244026434,0.01708185053380783,0.06685236768802229,1.5881474304630416,1.0,0.006326016279284349,1.0265315011116254,0.4974392242556679,0.060891627401232336,0.02584577393182244,0.23632473456864883
white bread,whole milk,0.042094560244026434,0.25551601423487547,0.01708185053380783,0.4057971014492754,1.5881474304630414,1.0,0.006326016279284349,1.252912073604722,0.38660970173017734,0.060891627401232336,0.2018593953501261,0.23632473456864883
bottled water,margarine,0.11052364006100661,0.05856634468734113,0.010269445856634469,0.09291628334866606,1.586513275580088,1.0,0.0037964802567219307,1.0378685429258216,0.41562314667680755,0.0646606914212548,0.03648683947879152,0.13413175278544415
margarine,bottled water,0.05856634468734113,0.11052364006100661,0.010269445856634469,0.1753472222222222,1.5865132755800877,1.0,0.0037964802567219307,1.0786071227891794,0.39268509419253833,0.0646606914212548,0.07287836426103743,0.13413175278544415
pastry,pip fruit,0.08896797153024912,0.07564819522114896,0.010676156583629894,0.12,1.586290322580645,1.0,0.003945890104879985,1.0503997781577852,0.40569196428571425,0.06935270805812417,0.04798152018479814,0.13056451612903225
pip fruit,pastry,0.07564819522114896,0.08896797153024912,0.010676156583629894,0.1411290322580645,1.5862903225806448,1.0,0.003945890104879985,1.0607321270445924,0.3998460015399845,0.06935270805812417,0.05725491431451611,0.13056451612903225
whole milk,beef,0.25551601423487547,0.05246568378240976,0.02125063548551093,0.08316752884998009,1.5851795469758803,1.0,0.007844813081322243,1.0334868648675366,0.49585570914945976,0.07411347517730495,0.03240182919192555,0.24410314426995128
beef,whole milk,0.05246568378240976,0.25551601423487547,0.02125063548551093,0.4050387596899225,1.5851795469758803,1.0,0.007844813081322243,1.2513151031101117,0.389597113680904,0.07411347517730495,0.2008407814190641,0.24410314426995128
root vegetables,frankfurter,0.10899847483477376,0.058973055414336555,0.010167768174885612,0.09328358208955223,1.5818000514668038,1.0,0.0037397950783763304,1.0378404162508552,0.41280383430332074,0.06443298969072164,0.03646072715837344,0.13284868759650026
frankfurter,root vegetables,0.058973055414336555,0.10899847483477376,0.010167768174885612,0.17241379310344826,1.5818000514668038,1.0,0.0037397950783763304,1.0766268429079817,0.39085899513776334,0.06443298969072164,0.07117307487988288,0.13284868759650026
whole milk,tropical fruit,0.25551601423487547,0.10493136756481952,0.04229791560752415,0.16553919617986468,1.5775949558420244,1.0,0.015486270799146773,1.0726311269955213,0.49178187968818937,0.132949824224992,0.0677130517356548,0.2843199856868316
tropical fruit,whole milk,0.10493136756481952,0.25551601423487547,0.04229791560752415,0.40310077519379844,1.5775949558420244,1.0,0.015486270799146773,1.2472523917363776,0.4090454303165878,0.132949824224992,0.19823765692857245,0.2843199856868316
oil,whole milk,0.02806304016268429,0.25551601423487547,0.01128622267412303,0.40217391304347827,1.57396754269105,1.0,0.004115666504440709,1.2453186670980265,0.3751919091389747,0.041448842419716206,0.19699268434616343,0.22317211370438936
whole milk,oil,0.25551601423487547,0.02806304016268429,0.01128622267412303,0.04417031436530044,1.57396754269105,1.0,0.004115666504440709,1.0168516153501974,0.4898196475634334,0.041448842419716206,0.01657234457398575,0.22317211370438936
yogurt,whole milk,0.13950177935943062,0.25551601423487547,0.05602440264361973,0.40160349854227406,1.5717351405345266,1.0,0.020379464003024997,1.244131581570951,0.4227324107307714,0.16526694661067784,0.19622649660793023,0.3104316736642926
whole milk,yogurt,0.25551601423487547,0.13950177935943062,0.05602440264361973,0.21925984878631116,1.5717351405345263,1.0,0.020379464003024997,1.1021569971813203,0.48860753783317645,0.16526694661067784,0.09268824445390171,0.3104316736642926
brown bread,tropical fruit,0.06487036095577021,0.10493136756481952,0.010676156583629894,0.164576802507837,1.5684233068455202,1.0,0.0038692208941174524,1.0713954737216607,0.3875580546451483,0.0670926517571885,0.06663783399574881,0.1331604942771743
tropical fruit,brown bread,0.10493136756481952,0.06487036095577021,0.010676156583629894,0.10174418604651163,1.56842330684552,1.0,0.0038692208941174524,1.0410504719456797,0.4049041722789309,0.0670926517571885,0.03943177881564008,0.1331604942771743
soda,chocolate,0.17437722419928825,0.04961870869344179,0.013523131672597865,0.07755102040816327,1.5629391100702577,1.0,0.004870758982282394,1.0302806034075522,0.43625226860254096,0.0642512077294686,0.029390637179232453,0.1750460020073603
chocolate,soda,0.04961870869344179,0.17437722419928825,0.013523131672597865,0.2725409836065574,1.5629391100702577,1.0,0.004870758982282394,1.1349406044809782,0.3789845320479975,0.0642512077294686,0.11889662238552855,0.1750460020073603
whole milk,pip fruit,0.25551601423487547,0.07564819522114896,0.030096593797661414,0.1177875049741345,1.5570431605115762,1.0,0.010767268470691677,1.0477654873293878,0.4805436411554957,0.09996622762580208,0.04558795637670363,0.25781848366986293
pip fruit,whole milk,0.07564819522114896,0.25551601423487547,0.030096593797661414,0.3978494623655914,1.5570431605115762,1.0,0.010767268470691677,1.2363751906456533,0.38703558910356833,0.09996622762580208,0.19118402927691766,0.25781848366986293
onions,whole milk,0.031011692933401117,0.25551601423487547,0.012099644128113879,0.3901639344262295,1.5269647015845471,1.0,0.0041756599550953725,1.220793632571844,0.35615085488550086,0.04409040385327899,0.1808607341002413,0.21875884743595597
whole milk,onions,0.25551601423487547,0.031011692933401117,0.012099644128113879,0.047353760445682444,1.5269647015845471,1.0,0.0041756599550953725,1.017154392505582,0.4635506210132237,0.04409040385327899,0.016865082264773016,0.21875884743595597
fruit/vegetable juice,root vegetables,0.0722928317234367,0.10899847483477376,0.011997966446365024,0.16596343178621661,1.52262159665806,1.0,0.004118158047023474,1.0683003109485258,0.36998528745197995,0.07087087087087088,0.06393362451414361,0.13801902932594412
root vegetables,fruit/vegetable juice,0.10899847483477376,0.0722928317234367,0.011997966446365024,0.11007462686567165,1.52262159665806,1.0,0.004118158047023474,1.0424550150864527,0.3852271782165771,0.07087087087087088,0.040725992462064965,0.13801902932594412
whole milk,hygiene articles,0.25551601423487547,0.03294356888662939,0.012811387900355872,0.05013927576601671,1.5219746208604146,1.0,0.004393778483772277,1.018103398151613,0.46066648456705805,0.046477314644042776,0.017781492709365403,0.2195140823274528
hygiene articles,whole milk,0.03294356888662939,0.25551601423487547,0.012811387900355872,0.38888888888888884,1.5219746208604144,1.0,0.004393778483772277,1.2182465221611127,0.35464199348123215,0.046477314644042776,0.17914807733163365,0.2195140823274528
whole milk,brown bread,0.25551601423487547,0.06487036095577021,0.02521606507371632,0.09868682849184242,1.5212930379581036,1.0,0.00864064900032023,1.0375191094561365,0.46027107876395484,0.08542886668963141,0.03616233100111668,0.24370078101708106
brown bread,whole milk,0.06487036095577021,0.25551601423487547,0.02521606507371632,0.3887147335423197,1.5212930379581036,1.0,0.00864064900032023,1.2178994433798704,0.36643523308792836,0.08542886668963141,0.17891414973896672,0.24370078101708106
sausage,pip fruit,0.09395017793594305,0.07564819522114896,0.010777834265378749,0.11471861471861472,1.5164752362333007,1.0,0.003670672863818846,1.04413333449347,0.37589115000963397,0.06786171574903968,0.04226791065422679,0.1285958664990923
pip fruit,sausage,0.07564819522114896,0.09395017793594305,0.010777834265378749,0.14247311827956988,1.5164752362333007,1.0,0.003670672863818846,1.0565847454790882,0.36844857966514666,0.06786171574903968,0.05355438427556613,0.1285958664990923
other vegetables,whole milk,0.1934926283680732,0.25551601423487547,0.07483477376715811,0.38675775091960063,1.5136340948246207,1.0,0.025394308582718045,1.2140128748166512,0.4207504618057839,0.19999999999999996,0.17628550673235072,0.3398173951573729
whole milk,other vegetables,0.25551601423487547,0.1934926283680732,0.07483477376715811,0.2928770393951452,1.5136340948246205,1.0,0.025394308582718045,1.140547566072612,0.4558034229778036,0.19999999999999996,0.12322814957781808,0.3398173951573729
rolls/buns,"whole milk, yogurt",0.18393492628368074,0.05602440264361973,0.015556685307574987,0.08457711442786069,1.5096477684174407,1.0,0.005251840937233543,1.0311907340686544,0.41368493572360404,0.06932487539646578,0.030247298621069563,0.1811270327130229
"whole milk, yogurt",rolls/buns,0.05602440264361973,0.18393492628368074,0.015556685307574987,0.2776769509981851,1.5096477684174407,1.0,0.005251840937233543,1.1297785317027436,0.35762982487264605,0.06932487539646578,0.11487077162561059,0.1811270327130229
whole milk,pork,0.25551601423487547,0.05765124555160142,0.022165734621250637,0.08674890569040987,1.5047186727780972,1.0,0.007434918142229347,1.03186162088402,0.450545547038083,0.0761705101327743,0.03087780399926425,0.23561431175173053
pork,whole milk,0.05765124555160142,0.25551601423487547,0.022165734621250637,0.3844797178130512,1.504718672778097,1.0,0.007434918142229347,1.2095198278762913,0.35594459380803234,0.0761705101327743,0.17322562478712894,0.23561431175173053
fruit/vegetable juice,other vegetables,0.0722928317234367,0.1934926283680732,0.021047280122013217,0.2911392405063291,1.5046528798632406,1.0,0.007059150099674626,1.1377514706950396,0.3615309837409222,0.0859991690901537,0.12107342793491513,0.1999574289762334
other vegetables,fruit/vegetable juice,0.1934926283680732,0.0722928317234367,0.021047280122013217,0.10877561744613767,1.5046528798632406,1.0,0.007059150099674626,1.0409355785556014,0.4158609046460129,0.0859991690901537,0.03932575598232837,0.1999574289762334
soda,bottled water,0.17437722419928825,0.11052364006100661,0.028978139298423997,0.1661807580174927,1.5035765916302124,1.0,0.009705333736184412,1.0667496204862754,0.40565638233514834,0.1132300357568534,0.06257290296091002,0.21418513521849797
bottled water,soda,0.11052364006100661,0.17437722419928825,0.028978139298423997,0.2621895124195032,1.5035765916302124,1.0,0.009705333736184412,1.1190174031114386,0.3765351879928446,0.1132300357568534,0.1063588490943121,0.21418513521849797
